name,地點,lat,lng,type
淨土宗善導寺,臺北市中正區忠孝東路一段23號,25.04471,121.5246,T
城隍廟,臺北市中正區武昌街一段14號,25.04404,121.5127,T
華嚴蓮社,臺北市中正區濟南路二段44號,25.04038,121.5306,T
東和禪寺,台北市中正區仁愛路一段21之33號,25.03945,121.5226,T
聖靈寺,臺北市中正區汀州路三段10號,25.01938,121.5291,T
十普寺,臺北市中正區南昌路二段140號,25.02525,121.5228,T
寶藏巖,臺北市中正區汀州路三段203巷23號,25.01999,121.5264,T
通法寺,臺北市中正區廈門街34巷15號,25.0261,121.517,T
光華寺,臺北市中正區水源路157號,25.02398,121.5155,T
南福宮,臺北市中正區和平西路一段55巷1號,25.027,121.5199,T
蓮雲禪苑,臺北市中正區連雲街74巷5號,25.03448,121.5297,T
長慶廟,臺北市中正區晉江街34號,25.02506,121.5219,T
二二八公園福德宮,臺北市中正區懷寧街109號,25.04044,121.5142,T
北安宮,臺北市萬華區西藏路256號,25.0297,121.5016,T
法華寺,臺北市萬華區西寧南路194號,25.03882,121.5062,T
湄聖宮,臺北市萬華區武成街124號,25.02052,121.4939,T
艋舺龍山寺,臺北市萬華區廣州街211號,25.0368,121.4999,T
廣照宮,臺北市萬華區長泰街54號,25.02332,121.5002,T
理教總公所台灣清心堂公所,臺北市萬華區中華路一段174號,25.0401,121.507,T
真武殿,臺北市萬華區西昌街38、40號,25.04233,121.5006,T
集義宮,臺北市萬華區康定路249號,25.03488,121.5015,T
慈雲寺,臺北市萬華區漢口街二段119、121、123號,25.04644,121.5042,T
先天道院,臺北市萬華區寶興街188巷2號,25.02339,121.4951,T
青龍宮,臺北市萬華區雙園街60巷88號,25.0288,121.4924,T
艋舺龍津宮,臺北市萬華區長沙街二段184號,25.0413,121.4997,T
助順將軍廟,臺北市萬華區康定路9、11、13號,25.04603,121.5033,T
妙覺精舍,臺北市萬華區雙園街21巷50號,25.03057,121.4953,T
台北天后宮,臺北市萬華區成都路51號,25.04279,121.5063,T
新約龍華佛教聖國山保安堂,臺北市萬華區康定路188巷4弄6號,25.03892,121.5014,T
艋舺清水巖祖師廟,臺北市萬華區康定路81號,25.04028,121.5026,T
巖清寺,臺北市萬華區環河南路三段203號,25.02158,121.4923,T
艋舺青山宮,臺北市萬華區貴陽街二段218號,25.04,121.4995,T
蓮池寺,臺北市萬華區桂林路246巷48號,25.03678,121.4926,T
台北朝天宮,臺北市萬華區雙園街27號,25.02952,121.4947,T
楊聖廟,臺北市萬華區東園街154巷39號,25.02239,121.496,T
北天宮,臺北市萬華區桂林路246巷30號,25.03704,121.4932,T
萬和宮,臺北市大同區迪化街二段304號,25.07164,121.512,T
聖觀寺,臺北市大同區赤峰街33巷1號,25.05424,121.5196,T
臺疆樂善壇,臺北市大同區長安西路263號,25.05216,121.5109,T
普濟寺,臺北市大同區華陰街100號,25.05051,121.5141,T
醒心宮,臺北市大同區迪化街一段307巷9號,25.06213,121.5096,T
金萬成團,臺北市大同區民權西路184巷1號,25.06239,121.5148,T
智仁堂,臺北市大同區迪化街二段146巷27號,25.06723,121.5095,T
覺修宮,臺北市大同區重慶北路三段340號,25.07623,121.5135,T
天師宮,臺北市大同區延平北路三段99號,25.06784,121.511,T
至善堂,臺北市大同區保安街49巷16號,25.05963,121.5119,T
雙福宮,臺北市大同區雙連街37號,25.05876,121.5191,T
台灣佛教道友會,臺北市大同區保安街1之12號8樓,25.05963,121.5144,T
台北保安宮,臺北市大同區哈密街61號,25.0731,121.5154,T
青雲宮,臺北市大同區民權西路160巷30弄7號,25.06129,121.5158,T
法主公廟,臺北市大同區南京西路344巷2號,25.05381,121.5121,T
菩提講堂,臺北市大同區南京西路18巷4弄2號,25.05225,121.5201,T
北門口福聚宮,臺北市大同區延平北路一段68號,25.05162,121.5118,T
台北霞海城隍廟,臺北市大同區迪化街一段61號,25.0556,121.5102,T
瞿公真人廟,臺北市大同區天水路49號,25.05286,121.5128,T
樹人書院文昌祠,臺北市大同區迪化街二段364巷14號,25.07293,121.5121,T
真聖堂,臺北市大同區延平北路二段61巷16號,25.05546,121.5122,T
龍雲寺,臺北市大同區延平北路三段18巷1號,25.06398,121.5108,T
平光寺,臺北市大同區敦煌路78號,25.07571,121.5177,T
和德祠,臺北市大同區甘谷街42號,25.05286,121.5106,T
祠宇媽祖宮,臺北市大同區保安街49巷17號,25.06025,121.5122,T
台北大橋福德廟,臺北市大同區迪化街二段25號,25.06385,121.5096,T
福壽宮,臺北市大同區敦煌路臨2之1號,25.07489,121.5209,T
台北協天宮,臺北市大同區大龍街89之1號,25.06679,121.5166,T
孔廟,臺北市大同區大龍街275號,25.07276,121.5162,T
台北行天宮,臺北市中山區民權東路二段109號,25.06287,121.5339,T
蓮友念佛團,臺北市中山區朱崙街63號,25.05008,121.542,T
永靜廟,臺北市中山區錦西街9號,25.06062,121.5215,T
朱厝崙福聚宮,臺北市中山區龍江路55巷21號,25.04953,121.5422,T
景福宮,臺北市中山區德惠街11號,25.06694,121.5255,T
九府仙師普惠堂,臺北市中山區民權西路70巷49號,25.06065,121.5206,T
臨濟護國禪寺,臺北市中山區酒泉街5巷27號,25.07073,121.5193,T
雙靜廟,臺北市中山區松江路235巷22號,25.05871,121.5342,T
中庄仔福德宮,臺北市中山區吉林路236巷35號,25.05943,121.529,T
妙道院,臺北市中山區農安街87號,25.06498,121.5288,T
劍潭古寺,臺北市中山區北安路805巷6號,25.08618,121.5554,T
圓玄學社,臺北市中山區長春路163巷18號,25.05557,121.5334,T
福正宮,臺北市中山區中山北路四段67號,25.0805,121.5246,T
景新宮,臺北市中山區濱江街6之1號,25.07088,121.5292,T
慧日講堂,臺北市中山區朱崙街36號,25.04987,121.5412,T
九府仙師廟,臺北市中山區民權西路70巷31、33號,25.06152,121.5202,T
文昌宮,臺北市中山區民生西路45巷9弄2之1號,25.05897,121.5209,T
地藏庵,臺北市中山區玉門街11號,25.0726,121.5205,T
圓通巖,臺北市中山區中山北路四段1巷1弄3號,25.08163,121.5288,T
大忠宮,臺北市中山區中山北路四段71巷2弄臨5號,25.08045,121.5263,T
圓明宮,臺北市中山區中山北路二段128巷3之2號,25.06187,121.5219,T
台北保霞宮,臺北市中山區松江路226巷21號,25.05857,121.5312,T
下塔悠福德爺宮,臺北市中山區敬業三路196號,25.07839,121.5563,T
鎮安宮,臺北市中山區基湖路151巷46弄6號,25.07716,121.5647,T
新福宮,臺北市中山區新生北路二段62巷33號,25.05629,121.5261,T
中嶽殿,臺北市中山區民族東路115號,25.06831,121.5383,T
台北神德宮,臺北市中山區濱江街180巷臨15號,25.06874,121.5382,T
金剛寺,臺北市中山區中山北路四段71巷2弄臨3號,25.08163,121.5288,T
植福宮,臺北市中山區北安路608巷14弄1號,25.08191,121.5493,T
圓山藥師寺,臺北市中山區中山北路四段1巷1弄6號旁,25.07932,121.5243,T
松山慈祐宮,臺北市松山區八德路四段761號,25.0511,121.5778,T
放生念佛會,臺北市松山區延吉街33號,25.04579,121.5537,T
中崙福成宮,臺北市松山區市民大道四段71號,25.04535,121.5469,T
台北府城隍廟,臺北市松山區虎林街3號,25.04718,121.5771,T
松山霞海城隍廟,臺北市松山區八德路四段439號,25.04991,121.5702,T
松山慈福宮,臺北市松山區八德路四段829巷26號,25.04813,121.5588,T
法光寺,臺北市松山區光復北路60巷20號,25.04991,121.5566,T
福德宮,臺北市松山區八德路四段181巷16弄11號,25.04936,121.5631,T
台北佛教蓮社,臺北市松山區南京東路五段59巷29弄4號,25.05299,121.5596,T
松山福德宮,臺北市松山區饒河街92號,25.0503,121.5742,T
劍童廟,臺北市松山區八德路三段199巷1號,25.04921,121.5564,T
松山聚福廟,臺北市松山區八德路四段490號,25.04962,121.5703,T
松山水福宮,臺北市松山區松河街3號,25.05124,121.5712,T
圓通學苑,臺北市大安區潮州街58之1號,25.02921,121.5236,T
白雲禪寺,臺北市大安區安和路二段20巷2號,25.03226,121.5522,T
天德堂總堂,臺北市大安區臥龍街420號,25.01398,121.5621,T
通化堂,臺北市大安區復興南路二段179號4樓,25.02694,121.5437,T
福佑宮,臺北市大安區安東街32號,25.04411,121.5425,T
觀音禪院,臺北市大安區新生南路一段137巷6號,25.03694,121.5333,T
福景宮,臺北市大安區光復南路698號,25.02971,121.5572,T
法雲寺,臺北市大安區新生南路一段165巷5之1號,25.03434,121.5335,T
大安車層景福宮,臺北市大安區延吉街77號,25.04404,121.554,T
九龍蓮社,臺北市大安區四維路52巷1之1及3號,25.03517,121.5479,T
一心寺,臺北市大安區建國南路二段11巷6號,25.03281,121.5384,T
福安宮,臺北市大安區臥龍街61號,25.02208,121.5475,T
夏教養聖堂,臺北市大安區建國南路一段44巷7號,25.04411,121.5358,T
夏教養聖堂,臺北市大安區建國南路一段44巷7號,25.04411,121.5358,T
泰安宮,臺北市大安區潮州街98巷3、5號,25.02953,121.5244,T
松山寺,臺北市信義區吳興街284巷17之1號,25.02387,121.564,T
靈源寺,臺北市信義區虎林街26巷5號,25.04898,121.5756,T
承天武聖廟,臺北市信義區臥龍街477之12號,25.01167,121.5641,T
松山慈惠堂,臺北市信義區福德街251巷33號,25.03652,121.5875,T
松山奉天宮,臺北市信義區福德街221巷12號,25.03728,121.5847,T
真光禪寺,臺北市信義區福德街221巷200號,25.03198,121.5873,T
天寶聖道宮,臺北市信義區松山路664之10號,25.028,121.579,T
興雅福德宮,臺北市信義區永吉路30巷30號,25.04454,121.5687,T
松山五分埔福德宮,臺北市信義區虎林街47之3號,25.04768,121.5768,T
松山靈隱寺,臺北市信義區松山路677之15號,25.02501,121.5814,T
狀元廟,臺北市信義區吳興街336巷52號,25.02497,121.5654,T
三張犁福佑宮,臺北市信義區信義路五段150巷18之1號,25.02803,121.569,T
代天殿靈雲宮,臺北市信義區信義路五段150巷22弄43號,25.02761,121.5713,T
石泉巖,臺北市信義區臥龍街431巷50號,25.02214,121.5471,T
普陀山慈航寺,臺北市信義區松山路臨677之7號,25.02635,121.5824,T
港口奉聖宮,臺北市信義區臥龍街431巷52號,25.02212,121.5471,T
吉福宮,臺北市信義區松山路臨679之1號,25.03493,121.582,T
信義天后宮,臺北市信義區吳興街600巷臨68號,25.01948,121.5704,T
中坡福壽宮,臺北市信義區福德街221巷14號,25.03611,121.5849,T
松山順安宮,臺北市信義區松隆路臨45號,25.04437,121.5683,T
松山進安宮,臺北市信義區永吉路517巷8弄12之3號,25.04643,121.5805,T
峰碧山圓覺寺,臺北市內湖區碧山路39號,25.09781,121.591,T
福德祠,臺北市內湖區康寧路一段236號,25.07822,121.5965,T
碧山巖開漳聖王廟,臺北市內湖區碧山路24號,25.09729,121.5877,T
金龍院,臺北市內湖區內湖路三段256巷2號,25.09225,121.5863,T
太陽堂,臺北市內湖區碧山路2號,25.08755,121.5908,T
俔頭福德祠,臺北市內湖區內湖路二段450號,25.0838,121.5926,T
金碧宮,臺北市內湖區金龍路92號,25.08525,121.5914,T
恆光禪寺,臺北市內湖區碧山路44之6號,25.10557,121.5878,T
台北護國延平宮,臺北市內湖區內湖路三段348巷6號,25.09138,121.5835,T
內湖承天宮,臺北市內湖區文湖街21巷93號,25.08656,121.5647,T
三教山清靈宮,臺北市內湖區康樂街236之6號,25.08726,121.6229,T
碧霞宮,臺北市內湖區碧山路29號,25.0989,121.5883,T
竹月寺,臺北市內湖區環山路二段50巷14弄臨14之7號,25.08808,121.5732,T
新坡尾福德廟,臺北市內湖區內湖路三段365號旁,25.09166,121.5804,T
慈善總堂,臺北市南港區研究院路二段83號,25.03869,121.6177,T
玉成公園福德宮,臺北市南港區中坡南路51號,25.04267,121.5841,T
明心禪寺,臺北市南港區研究院路三段280巷1號,25.03432,121.6137,T
新福宮,臺北市南港區南港路二段238巷2號,25.05447,121.5973,T
金山寺,臺北市南港區中南街168巷1號,25.05097,121.6141,T
富南宮,臺北市南港區研究院路一段112、114號,25.05188,121.6158,T
西新福壽宮,臺北市南港區成功路一段79號,25.05768,121.5927,T
南港慈雲寺,臺北市南港區福山街44巷15弄1號,25.04528,121.6173,T
坤元宮,臺北市南港區三重路79巷8弄2之1號,25.06043,121.6127,T
無極明聖宮,臺北市南港區忠孝東路七段478巷臨12號,25.05057,121.6097,T
南港聖德宮,臺北市南港區研究院路四段162巷臨6號,25.04298,121.6173,T
護國九天宮,臺北市南港區舊莊街二段122巷30號,25.03703,121.6275,T
台北南港慈岩宮,臺北市南港區研究院路三段161巷12號,25.02717,121.6123,T
天達堂,臺北市南港區研究院路三段25巷8號,25.02651,121.6201,T
後山坡福德爺廟,臺北市南港區東新街170巷臨1號,25.04593,121.5926,T
士林神農宮,臺北市士林區前街74號,25.09781,121.5264,T
妙德蘭若,臺北市士林區仰德大道二段41巷24號,25.10569,121.5424,T
南海普陀山慧濟寺,臺北市士林區中山北路七段190巷34之1號,25.12634,121.5362,T
葫蘆寺,臺北市士林區延平北路五段285巷35號,25.0852,121.5084,T
東方寺,臺北市士林區永公路245巷24號,25.12317,121.5591,T
湧泉寺,臺北市士林區劍南路211號,25.09888,121.5554,T
昭明寺,臺北市士林區中山北路五段56號,25.08333,121.5265,T
淨光寺,臺北市士林區中山北路七段190巷113之3號,25.12778,121.5375,T
永明寺,臺北市士林區仰德大道二段100巷20號,25.10702,121.5478,T
共和宮,臺北市士林區社子街117號,25.08822,121.5053,T
吉祥寺,臺北市士林區東山路25巷81弄40號,25.12344,121.5414,T
慈諴宮,臺北市士林區大南路84號,25.08949,121.5247,T
士林街福德宮,臺北市士林區大南路138號,25.08988,121.5229,T
圓明寺,臺北市士林區劍南路203巷1號,25.09982,121.5555,T
報恩寺,臺北市士林區中山北路五段102號,25.08514,121.5263,T
金鶴宮,臺北市士林區東山路25巷112號,25.12044,121.5435,T
淨因寺,臺北市士林區劍南路201號,25.09935,121.5548,T
承德福德宮,臺北市士林區後港街38巷5之1號,25.08301,121.5225,T
芝山巖惠濟宮,臺北市士林區至誠路一段326巷26號,25.103,121.5307,T
天母三玉宮,臺北市士林區天母東路6號,25.11807,121.5305,T
妙光寺,臺北市士林區至善路一段138巷24弄8號,25.09525,121.5395,T
慈悟寺,臺北市士林區中山北路七段219巷167號,25.13355,121.5326,T
妙法寺,臺北市士林區至善路三段307號,25.1232,121.5871,T
飛龍寺,臺北市士林區東山路25巷81弄62號,25.12332,121.541,T
啟明佛寺,臺北市士林區大西路54號,25.09101,121.5247,T
九蓮寺,臺北市士林區劍南路203巷6號,25.10252,121.5578,T
法雨山普宜苑,臺北市士林區至善路三段181巷5弄5號,25.1214,121.5772,T
合誠宮,臺北市士林區平菁街106巷6之1號,25.13051,121.5763,T
平等山法輪禪寺,臺北市士林區平菁街93巷41之1號,25.13903,121.5778,T
坤天亭,臺北市士林區延平北路8段96巷15號,25.10648,121.4834,T
台北地藏禪寺,臺北市士林區延平北路七段189號,25.09961,121.4911,T
無極天聖殿,臺北市士林區平菁街95巷47之1號,25.13338,121.5805,T
廣明寺,臺北市士林區?延平北路六段116巷13號,25.08964,121.5078,T
鶴鳴精舍,臺北市士林區平菁街42巷9號,25.12998,121.572,T
慈生宮,臺北市北投區立農街一段321號,25.11968,121.507,T
靈山大慈寺,臺北市北投區登山路85號,25.15068,121.5154,T
善光寺,臺北市北投區溫泉路銀光巷20號,25.13553,121.5187,T
關渡宮,臺北市北投區知行路360號,25.11768,121.4644,T
中和堂,臺北市北投區奇岩路151號,25.13046,121.5078,T
法雨寺,臺北市北投區登山路108號,25.14806,121.5177,T
北投慈后宮,臺北市北投區清江路169號,25.12824,121.502,T
陽明山五福宮,臺北市北投區行義路1號,25.12409,121.5258,T
中華佛教文化館,臺北市北投區光明路276號,25.13631,121.5105,T
宮玄觀,臺北市北投區復興三路198號,25.14964,121.505,T
台北行天宮北投分宮,臺北市北投區中央北路四段18巷50號,25.13701,121.4776,T
北投天寶聖道宮,臺北市北投區幽雅路杏林巷5之1號,25.13862,121.5142,T
靈法寺,臺北市北投區長壽路20號,25.14297,121.504,T
觀音禪院,臺北市北投區崇仰一路11號,25.12508,121.509,T
法藏寺,臺北市北投區溫泉路156號,25.13925,121.5135,T
福安宮,臺北市北投區公館路85巷2弄2號,25.13111,121.5048,T
陽明山慈惠堂,臺北市北投區奇岩路17號,25.13376,121.508,T
關渡玉女宮,臺北市北投區大度路三段301巷222號,25.11754,121.4639,T
北投至妙寺,臺北市北投區東昇路117之2號,25.15982,121.535,T
照明淨寺,臺北市北投區崇仰七路51、53號,25.13161,121.5138,T
上清宮,臺北市北投區復興三路230巷29號,25.15266,121.5053,T
桃源福德宮,臺北市北投區中央北路三段62號,25.13825,121.4851,T
安國寺,臺北市北投區復興三路101巷10號,25.1471,121.5035,T
北投代天府,臺北市北投區豐年路一段35之1號,25.1339,121.4977,T
台北慈惠堂,臺北市北投區吉利街27號,25.11818,121.505,T
福星宮,臺北市北投區自強街5巷22號,25.11045,121.5124,T
彌陀寺,臺北市北投區東昇路3號,25.14455,121.5211,T
慈航寺,臺北市北投區中和街456號,25.14538,121.4965,T
廣福宮,臺北市北投區大同路臨329之3號,25.14057,121.4993,T
雲來寺,臺北市北投區公館路186號,25.12845,121.5071,T
佛林寺,臺北市北投區溫泉路150之1號,25.13919,121.5134,T
一德福德宮,臺北市北投區中央北路四段515巷3弄臨16之1號,25.12818,121.4693,T
天竺寺,臺北市北投區幽雅路杏林巷3之7號,25.13807,121.5182,T
北投龍雲寺,臺北市北投區幽雅路杏林巷3之6號,25.13807,121.5182,T
汾陽宮,臺北市北投區石牌路一段58巷28弄臨7號,25.11251,121.5121,T
農禪寺,臺北市北投區大業路65巷89號,25.12277,121.4958,T
關渡萬善同公祠,臺北市北投區中央北路四段583巷10弄26號,25.12538,121.4663,T
福慈宮,臺北市北投區中央北路四段30巷臨68號,25.13799,121.4762,T
石牌玄帝宮,臺北市北投區自強街31巷40號,25.11152,121.5124,T
佛樺靜舍,臺北市北投區湖底路20之7號,25.14781,121.538,T
北投天保宮,臺北市北投區中和街446巷74號,25.14678,121.496,T
屈原宮,臺北市北投區洲美街122號,25.09963,121.5057,T
明山宮,臺北市北投區行義路臨115號,25.1279,121.5291,T
木柵忠順廟,臺北市文山區中崙街13號,24.98365,121.5646,T
指南宮,臺北市文山區萬壽路115號,24.97987,121.5869,T
木柵集應廟,臺北市文山區保儀路76號,24.98736,121.5685,T
樟山寺,臺北市文山區老泉街45巷29號,24.97294,121.5794,T
天恩宮,臺北市文山區指南路38巷37之2號,24.97038,121.5922,T
慈光寺,臺北市文山區萬芳路26巷5號,24.99512,121.5691,T
大慈佛社,臺北市文山區試院路4巷22號,24.9895,121.5505,T
祥光寺,臺北市文山區萬壽路63號,24.98893,121.5811,T
景美集應廟,臺北市文山區景美街37號,24.99188,121.5417,T
明德宮,臺北市文山區老泉街45巷27之1號,24.96997,121.5788,T
萬慶巖清水祖師廟,臺北市文山區萬慶街124號,24.99526,121.5362,T
光淨寺,臺北市文山區興隆路四段1巷88號,24.99118,121.5599,T
文山興安宮,臺北市文山區仙岩路16巷64號,24.9964,121.5502,T
頂公館福德宮,臺北市文山區公館街44之1號,25.00549,121.5377,T
西門智慧圖書館,臺北市中正區中華路一段51-1號捷運西門地下街,25.04488,121.5092,L
東區地下街智慧圖書館,臺北市大安區大安路1段77號東區地下街3號店鋪,25.04144,121.546,L
松山機場智慧圖書館,臺北市松山區敦化北路338號地下1樓,25.06298,121.5518,L
太陽圖書館,臺北市萬華區青年路65號,25.02494,121.5037,L
百齡智慧圖書館,臺北市士林區福港街205號,25.08621,121.5179,L
福德智慧圖書館,臺北市信義區福德街15號2樓,25.03624,121.5797,L
古亭智慧圖書館,臺北市中正區寧波西街286號,25.02551,121.5105,L
松山分館,臺北市八德路四段688號5-8樓,25.04987,121.5768,L
民生分館,臺北市敦化北路199巷5號4、5樓,25.05697,121.5515,L
三民分館,臺北市民生東路五段163-1號5、6樓,25.05927,121.5628,L
中崙分館,臺北市長安東路二段229號7-10樓,25.04849,121.546,L
啟明分館,臺北市敦化北路155巷76號,25.05434,121.5515,L
永春分館,臺北市松山路294號3-4樓,25.04309,121.5776,L
三興分館,臺北市吳興街156巷6號4、5樓,25.02908,121.5612,L
六合分館,臺北市信義區松仁路240巷19號3-5樓,25.02454,121.5689,L
總館,臺北市建國南路二段125號,25.02915,121.5384,L
道藩分館,臺北市辛亥路三段11號3樓,25.02158,121.544,L
大安分館,臺北市辛亥路三段223號4、5樓,25.01609,121.5507,L
延吉民眾閱覽室,臺北市延吉街236巷17號3、4樓,25.03641,121.5551,L
成功民眾閱覽室,臺北市和平東路二段311巷29號4樓,25.02543,121.5453,L
龍安民眾閱覽室,臺北市永康街60號2-3樓,25.02856,121.5294,L
中山分館,臺北市松江路367號8樓,25.06438,121.5335,L
長安分館,臺北市長安西路3號4樓,25.05021,121.521,L
大直分館 (含大直書閣),臺北市大直街25號3-5樓,25.08188,121.5468,L
恆安民眾閱覽室,臺北市民權東路一段71巷19號,25.06337,121.5272,L
王貫英先生紀念圖書館,臺北市汀州路二段265號,25.02255,121.5238,L
城中分館,臺北市濟南路二段46號3樓,25.04033,121.5309,L
南機場借還書工作站,臺北市中正區中華路二段315巷16號1樓,25.0284,121.5069,L
延平分館,臺北市保安街47號,25.05917,121.5121,L
大同分館,臺北市重慶北路三段318號,25.07426,121.5133,L
建成分館,臺北市民生西路198-20號4樓,25.0569,121.5161,L
蘭州民眾閱覽室,臺北市昌吉街57號4樓之6,25.06606,121.5151,L
龍山分館,臺北市桂林路65巷6號,25.03855,121.5023,L
東園分館,臺北市東園街199號,25.02266,121.4981,L
西園分館,臺北市興寧街6號3-6樓,25.03219,121.5017,L
萬華分館,臺北市東園街19號5-7樓,25.0277,121.4958,L
柳鄉民眾閱覽室,臺北市環河南路二段102號4樓,25.03684,121.4956,L
景美分館,臺北市羅斯福路五段176巷50號2-4樓,25.00362,121.5363,L
木柵分館,臺北市保儀路13巷3號3、4樓,24.98851,121.5692,L
永建分館,臺北市木柵路一段177號3-4樓,24.98781,121.551,L
萬興分館,臺北市萬壽路27號4-5樓,24.98869,121.5765,L
文山分館,臺北市興隆路二段160號7-9樓,25.00159,121.5514,L
力行分館,臺北市一壽街22號5-8樓,24.97958,121.5565,L
景新分館,臺北市景後街151號5-10樓,24.98992,121.5419,L
安康民眾閱覽室,臺北市興隆路四段105巷1號4樓,24.98753,121.5609,L
萬芳民眾閱覽室,臺北市萬美街一段25號1-2樓,25.00222,121.5692,L
公訓圖書站,臺北市文山區萬美街2段21巷20號5樓(E區),25.00458,121.561,L
南港分館,臺北市市民大道八段367號2-3樓,25.05373,121.608,L
舊莊分館,臺北市舊莊街一段91巷11號2-5樓,25.04131,121.6195,L
親子美育數位圖書館,臺北市南港區研究院路二段61巷15號,25.04418,121.6176,L
龍華民眾閱覽室,臺北市東新街63巷8號,25.04759,121.587,L
北原會館借還書工作站,臺北市向陽路49號4樓,25.05399,121.5945,L
葫蘆堵分館 （含葫蘆堵書閣）,臺北市延平北路五段136巷1號3-9樓,25.07919,121.5105,L
天母分館,臺北市中山北路七段154巷6號3、4樓,25.12335,121.533,L
士林分館臨時替代館(天文館),臺北市基河路363號2樓,25.09583,121.5183,L
李科永紀念圖書館,臺北市中正路15號,25.04083,121.4641,L
北投分館,臺北市光明路251號,25.1363,121.5063,L
稻香分館,臺北市稻香路81號3、4樓,25.14096,121.4889,L
石牌分館,臺北市明德路208巷5號3-10樓,24.97621,121.4598,L
清江分館,臺北市公館路198號3樓,25.12777,121.507,L
吉利分館,臺北市立農街一段366號5-8樓,25.11931,121.5084,L
永明民眾閱覽室,臺北市石牌路二段 115 號 7-8 樓,25.11807,121.5172,L
秀山民眾閱覽室,臺北市中和街534號5-9樓,25.14554,121.4932,L
內湖分館,臺北市民權東路六段99號6樓,25.06932,121.5891,L
東湖分館,臺北市五分街6號,25.06741,121.6126,L
西湖分館,臺北市內湖路一段594號,25.0789,121.5773,L
西中分館,臺北市內湖路1段285巷66號1-2樓,25.08473,121.5666,L
臺北市 市立螢橋國小,121.5145,25.02494,,PRI
臺北市 市立國語實小,121.5108,25.03065,,PRI
臺北市 市立忠孝國小,121.5315,25.04293,,PRI
臺北市 市立河堤國小,121.5222,25.02291,,PRI
臺北市 市立南門國小,121.5094,25.03413,,PRI
臺北市 市立大學附小,121.5157,25.03578,,PRI
臺北市 市立忠義國小,121.5062,25.0297,,PRI
臺北市 市立東門國小,121.5209,25.03858,,PRI
臺北市 市立河堤國小補校,121.5222,25.02291,,PRI
臺北市 市立雙蓮國小,121.5167,25.06016,,PRI
臺北市 市立太平國小,121.5115,25.0614,,PRI
臺北市 市立大龍國小,121.5167,25.0734,,PRI
臺北市 市立永樂國小補校,121.5111,25.0613,,PRI
臺北市 市立蓬萊國小,121.5164,25.056,,PRI
臺北市 市立永樂國小,121.5111,25.0613,,PRI
臺北市 市立延平國小,121.5125,25.06603,,PRI
臺北市 市立大龍國小補校,121.5167,25.0734,,PRI
臺北市 市立日新國小,121.5165,25.05445,,PRI
臺北市 市立大同國小,121.5161,25.06477,,PRI
臺北市 市立大橋國小,121.5125,25.0641,,PRI
臺北市 市立中山國小,121.5263,25.06289,,PRI
臺北市 市立長春國小,121.5338,25.05495,,PRI
臺北市 市立五常國小,121.5415,25.06408,,PRI
臺北市 市立懷生國小,121.5418,25.04523,,PRI
臺北市 市立中正國小,121.5394,25.05066,,PRI
臺北市 市立大直國小,121.5465,25.08026,,PRI
臺北市 市立吉林國小,121.5293,25.05465,,PRI
臺北市 市立中山國小補校,121.5263,25.06289,,PRI
臺北市 市立長安國小,121.5302,25.04951,,PRI
臺北市 市立大佳國小,121.5364,25.07338,,PRI
臺北市 市立永安國小,121.5494,25.07983,,PRI
臺北市 市立濱江國小,121.5609,25.0772,,PRI
臺北市 市立松山國小,121.578,25.05029,,PRI
臺北市 市立民生國小,121.5523,25.05643,,PRI
臺北市 市立三民國小,,25.06322,121.5643,PRI
臺北市 市立西松國小,,25.05233,121.5636,PRI
臺北市 市立民權國小,,25.06242,121.5621,PRI
臺北市 市立健康國小,,25.05668,121.5628,PRI
臺北市 市立敦化國小,,25.04921,121.5486,PRI
臺北市 市立民族國小,,25.05965,121.5518,PRI
臺北市 市立西松國小補校,,25.05233,121.5636,PRI
臺北市 國立臺北教育大學附小,,25.02507,121.5409,PRI
臺北市 私立新民小學,,25.02223,121.5317,PRI
臺北市 市立幸安國小,,25.03758,121.5349,PRI
臺北市 市立金華國小,,25.03224,121.5278,PRI
臺北市 市立公館國小,,25.01242,121.5429,PRI
臺北市 市立和平國小（籌備處）,,25.02071,121.5467,PRI
臺北市 私立復興小學,,25.03943,121.5484,PRI
臺北市 市立龍安國小,,25.02392,121.5349,PRI
臺北市 市立建安國小,,25.02935,121.5462,PRI
臺北市 市立古亭國小,,25.0206,121.5288,PRI
臺北市 市立新生國小,,25.02968,121.5333,PRI
臺北市 市立和平實實驗小學,,25.02071,121.5467,PRI
臺北市 私立立人國際國民中小學,,25.0298,121.5519,PRI
臺北市 市立大安國小,,25.02001,121.5491,PRI
臺北市 市立仁愛國小,,25.03584,121.5521,PRI
臺北市 市立銘傳國小,,25.01404,121.5354,PRI
臺北市 市立建安國小補校,,25.02935,121.5462,PRI
臺北市 私立光仁小學,,25.02145,121.4997,PRI
臺北市 市立東園國小,,25.02298,121.498,PRI
臺北市 市立萬大國小,,25.02351,121.4997,PRI
臺北市 市立老松國小,,25.03809,121.5026,PRI
臺北市 市立雙園國小補校,,25.03095,121.4982,PRI
臺北市 市立新和國小,,25.02653,121.5031,PRI
臺北市 市立大理國小,,25.03116,121.4931,PRI
臺北市 市立華江國小,,25.0341,121.4913,PRI
臺北市 市立龍山國小,,25.03566,121.4962,PRI
臺北市 市立老松國小補校,,25.03809,121.5026,PRI
臺北市 市立雙園國小,,25.03088,121.498,PRI
臺北市 市立西園國小,,25.02667,121.4989,PRI
臺北市 市立西門國小,,25.04271,121.5035,PRI
臺北市 市立福星國小,,25.04695,121.5079,PRI
臺北市 市立興雅國小,,25.04676,121.5699,PRI
臺北市 市立三興國小,,25.02947,121.5583,PRI
臺北市 市立福德國小,,25.03891,121.5867,PRI
臺北市 市立永春國小補校,,25.04465,121.5791,PRI
臺北市 市立永春國小,,25.04468,121.5791,PRI
臺北市 市立信義國小,,25.03157,121.5632,PRI
臺北市 市立永吉國小,,25.04301,121.5799,PRI
臺北市 市立吳興國小補校,,25.02576,121.5686,PRI
臺北市 市立光復國小,,25.04062,121.558,PRI
臺北市 市立吳興國小,,25.02576,121.5686,PRI
臺北市 市立博愛國小,,25.03636,121.5704,PRI
臺北市 市立雙溪國小,,25.10606,121.5639,PRI
臺北市 市立士東國小,,25.11293,121.5268,PRI
臺北市 市立社子國小,,25.08996,121.5027,PRI
臺北市 市立劍潭國小,,25.07991,121.5229,PRI
臺北市 市立百齡國小,,25.08636,121.5178,PRI
臺北市 市立天母國小,,25.11971,121.5275,PRI
臺北市 市立蘭雅國小,,25.10828,121.5231,PRI
臺北市 市立社子國小補校,,25.08996,121.5027,PRI
臺北市 私立華興小學,,25.10497,121.5384,PRI
臺北市 市立福林國小,,25.0987,121.5296,PRI
臺北市 市立雨聲國小,,25.10354,121.5349,PRI
臺北市 市立溪山國小,,25.11967,121.5796,PRI
臺北市 市立葫蘆國小,,25.08365,121.5078,PRI
臺北市 市立文昌國小,,25.0994,121.5214,PRI
臺北市 市立三玉國小,,25.11793,121.5371,PRI
臺北市 市立士林國小,,25.09332,121.5249,PRI
臺北市 市立陽明山國小,,25.11987,121.5528,PRI
臺北市 市立富安國小,,25.10584,121.4826,PRI
臺北市 市立平等國小,,25.12944,121.5766,PRI
臺北市 市立雨農國小,,25.10529,121.53,PRI
臺北市 市立芝山國小,,25.1103,121.5364,PRI
臺北市 市立士東國小補校,,25.11293,121.5268,PRI
臺北市 市立關渡國小,,25.12643,121.4662,PRI
臺北市 市立北投國小,,25.13373,121.5009,PRI
臺北市 市立湖田國小,,25.1685,121.5388,PRI
臺北市 市立大屯國小,,25.1549,121.504,PRI
臺北市 市立文林國小,,25.10583,121.5148,PRI
臺北市 市立明德國小,,25.11211,121.5218,PRI
臺北市 市立秀山國小（籌備處）,,24.99425,121.521,PRI
臺北市 私立薇閣小學,,25.13606,121.5009,PRI
臺北市 市立逸仙國小,,25.13837,121.5052,PRI
臺北市 市立清江國小,,25.12683,121.5075,PRI
臺北市 市立湖山國小,,25.15006,121.5358,PRI
臺北市 市立義方國小,,25.14197,121.5093,PRI
臺北市 市立文化國小,,25.13716,121.4965,PRI
臺北市 市立洲美國小,,25.10088,121.5027,PRI
臺北市 私立奎山附小,,25.113,121.5223,PRI
臺北市 市立石牌國小,,25.11576,121.5118,PRI
臺北市 市立泉源國小,,25.14918,121.5242,PRI
臺北市 市立桃源國小,,25.1396,121.4845,PRI
臺北市 市立立農國小,,25.11949,121.505,PRI
臺北市 市立北投國小補校,,25.13373,121.5009,PRI
臺北市 市立內湖國小,,25.07921,121.5802,PRI
臺北市 市立東湖國小,,25.06926,121.6161,PRI
臺北市 市立明湖國小,,25.07108,121.6109,PRI
臺北市 市立大湖國小,,25.08725,121.6012,PRI
臺北市 市立麗湖國小,,25.07299,121.6011,PRI
臺北市 市立碧湖國小,,25.08463,121.5914,PRI
臺北市 市立西湖國小,,25.08367,121.5659,PRI
臺北市 市立新湖國小,,25.06823,121.5885,PRI
臺北市 市立南湖國小,,25.06788,121.6116,PRI
臺北市 市立麗山國小,,25.08352,121.5724,PRI
臺北市 市立潭美國小,,25.06055,121.5904,PRI
臺北市 市立康寧國小,,25.08006,121.5948,PRI
臺北市 市立文湖國小,,25.086,121.5602,PRI
臺北市 市立內湖國小補校,,25.07921,121.5802,PRI
臺北市 市立南港國小,,25.0571,121.6106,PRI
臺北市 市立成德國小,,25.04709,121.5869,PRI
臺北市 市立修德國小,,25.04551,121.5896,PRI
臺北市 市立舊莊國小,,25.0403,121.6195,PRI
臺北市 市立胡適國小,,25.04219,121.6175,PRI
臺北市 市立南港國小補校,,25.07921,121.5802,PRI
臺北市 市立玉成國小,,25.05369,121.5946,PRI
臺北市 市立東新國小,,25.05604,121.6021,PRI
臺北市 國立政大實小,,24.98495,121.5799,PRI
臺北市 私立再興小學,,24.98956,121.5581,PRI
臺北市 市立興德國小,,25.00163,121.5508,PRI
臺北市 市立志清國小,,24.99859,121.5389,PRI
臺北市 市立永建國小,,24.98757,121.55,PRI
臺北市 市立指南國小,,24.97628,121.5837,PRI
臺北市 市立力行國小,,24.981,121.5613,PRI
臺北市 市立興華國小,,24.99975,121.5589,PRI
臺北市 私立靜心中小學(國小部),,24.99888,121.5467,PRI
臺北市 市立景美國小,,24.98951,121.5408,PRI
臺北市 市立溪口國小,,24.99418,121.5389,PRI
臺北市 市立景興國小,,24.99653,121.5482,PRI
臺北市 市立實踐國小,,24.98319,121.5573,PRI
臺北市 市立明道國小,,24.98732,121.5626,PRI
臺北市 市立萬興國小,,24.98989,121.5767,PRI
臺北市 市立辛亥國小,,25.00644,121.5591,PRI
臺北市 私立中山小學,,24.9883,121.5563,PRI
臺北市 市立武功國小,,25.00379,121.5405,PRI
臺北市 市立興隆國小,,25.00269,121.5517,PRI
臺北市 市立木柵國小,,24.99024,121.5702,PRI
臺北市 市立博嘉國小,,25.0021,121.5759,PRI
臺北市 市立萬芳國小,,25.00129,121.5675,PRI
臺北市 市立萬福國小,,25.00478,121.5368,PRI
臺北市 市立木柵國小補校,,24.99024,121.5702,PRI
麥當勞,台北市士林區忠誠路二段55號,25.11183,121.5315,F
麥當勞,台北市士林區德行東路227號1F,25.10946,121.533,F
麥當勞,台北市士林區中山北路五段602號,25.09599,121.5281,F
麥當勞,台北市士林區中正路287號1F,25.09475,121.5241,F
麥當勞,台北市士林區基河路15號1F,25.0872,121.5247,F
麥當勞,台北市士林區重慶北路四段123號,25.08305,121.512,F
麥當勞,台北市士林區敬業三路123號,25.08108,121.5555,F
麥當勞,台北市大同區重慶北路三段255號,25.07161,121.514,F
麥當勞,台北市大同區民生西路55號,25.05773,121.5203,F
麥當勞,台北市大同區承德路一段34號1F,25.05075,121.5168,F
麥當勞,台北市大安區忠孝東路四段45號B2,25.04187,121.5446,F
麥當勞,台北市大安區忠孝東路四段73號之一1F,25.04184,121.547,F
麥當勞,台北市大安區忠孝東路四段226號,25.04129,121.5539,F
麥當勞,台北市大安區光復南路286號,25.03952,121.5574,F
麥當勞,台北市大安區信義路四段273號1F,25.03336,121.5546,F
麥當勞,台北市大安區羅斯福路二段45號,25.02754,121.5224,F
麥當勞,台北市大安區建國南路二段151巷40號,25.02857,121.5395,F
麥當勞,台北市大安區復興南路二段273號,25.02569,121.5436,F
麥當勞,台北市大安區四維路170巷2號1F,25.0281,121.5479,F
麥當勞,台北市大安區新生南路三段88之2號,25.01806,121.5333,F
麥當勞,台北市大安區和平東路三段406巷8號1F,25.01831,121.558,F
麥當勞,台北市萬華區昆明街92之4號,25.04485,121.5053,F
麥當勞,台北市萬華區漢中街52號B1,25.04384,121.5071,F
麥當勞,台北市萬華區漢中街116號,25.04303,121.5074,F
麥當勞,台北市萬華區西園路二段240號,25.02821,121.495,F
麥當勞,台北市中山區北安路626號1F,25.08275,121.5491,F
麥當勞,台北市中山區民權西路68號1F,25.06259,121.52,F
麥當勞,台北市中山區中山北路三段9號,25.06419,121.5226,F
麥當勞,台北市中山區林森北路413號1F,25.05995,121.5257,F
麥當勞,台北市中山區民權東路二段43號1F,25.06277,121.5305,F
麥當勞,台北市中山區南京西路21號1F,25.05278,121.5206,F
麥當勞,台北市中山區南京東路一段86號,25.05186,121.5256,F
麥當勞,台北市中山區南京東路二段76號1F,25.0519,121.5308,F
麥當勞,台北市中山區長春路172號,25.05458,121.5338,F
麥當勞,台北市中正區寶慶路32號B1,25.0416,121.5091,F
麥當勞,基隆市中正區北寧路2508號,25.14599,121.7835,F
麥當勞,台北市中正區館前路8號,25.0458,121.5147,F
麥當勞,台北市中正區忠孝西路一段66號B1,25.04613,121.5153,F
麥當勞,台北市中正區公園路301號,25.04457,121.5168,F
麥當勞,台北市中正區林森南路1號,25.04441,121.5234,F
麥當勞,台北市中正區濟南路二段66號1F,25.04003,121.5325,F
麥當勞,台北市中正區南昌路一段149號1F,25.02942,121.5187,F
麥當勞,台北縣中和市中山路二段583號1F,25.00576,121.4802,F
麥當勞,台北縣中和市中和路38號,25.00151,121.4999,F
麥當勞,台北縣中和市中山路二段295號B1,25.002,121.496,F
麥當勞,台北縣中和市興南路一段83號1F,24.989,121.51,F
麥當勞,台北市內湖區內湖路一段283號1F,25.08244,121.5662,F
麥當勞,台北市內湖區內湖路一段741號1F,25.07899,121.5786,F
麥當勞,台北市內湖區成功路四段180號,25.08357,121.5938,F
麥當勞,台北市內湖區康寧路三段168號1F,25.06944,121.6118,F
麥當勞,台北市內湖區舊宗路一段128號,25.06097,121.578,F
麥當勞,台北市文山區興隆路三段54號,25.00017,121.5559,F
麥當勞,台北市文山區新光路二段28號,24.99664,121.5771,F
麥當勞,台北市文山區景中街30巷12號,24.99218,121.5424,F
麥當勞,台北市文山區木柵路一段137號,24.98759,121.5502,F
麥當勞,台北市文山區木柵路三段57號1F,24.98866,121.5664,F
麥當勞,台北市文山區指南路二段67號1F,24.98793,121.5748,F
麥當勞,台北市文山區木新路三段174號1F,24.98153,121.5603,F
麥當勞,台北市北投區光明路2183號,25.13623,121.5043,F
麥當勞,台北市北投區中央北路四段534號1F,25.12809,121.4678,F
麥當勞,台北市北投區北投路二段15號,25.13113,121.4986,F
麥當勞,台北市北投區承德路七段262號1F,25.11602,121.5059,F
麥當勞,台北市松山區民權東路三段128號1F,25.06191,121.5461,F
麥當勞,台北市松山區民生東路三段135號,25.05809,121.5485,F
麥當勞,台北市松山區民生東路五段234號1F,25.05891,121.5661,F
麥當勞,台北市松山區南京東路三段337號B1,25.05201,121.5483,F
麥當勞,台北市松山區南京東路四段2號,25.05079,121.5499,F
麥當勞,台北市松山區八德路三段1681號,25.04797,121.5553,F
麥當勞,台北市松山區南京東路五段162號1F,25.05121,121.563,F
麥當勞,台北市松山區八德路四段138號B3,25.04851,121.5617,F
麥當勞,台北市信義區忠孝東路五段289號,25.04114,121.5715,F
麥當勞,台北市信義區忠孝東路五段522號1F,25.04127,121.5792,F
麥當勞,台北市信義區松高路12號B2,25.03885,121.5668,F
麥當勞,台北市信義區松壽路12號,25.03531,121.5661,F
麥當勞,台北市信義區基隆路二段991號1F,25.03013,121.5586,F
麥當勞,台北市信義區市府路45號B1,25.03349,121.5641,F
麥當勞,台北市信義區莊敬路475號1F,25.02681,121.5681,F
麥當勞,台北市南港區忠孝東路六段438號1F,25.05015,121.5937,F
麥當勞,台北市南港區南港路二段16號1F,25.05441,121.6058,F
麥當勞,台北市南港區研究院路一段99號,25.05231,121.6163,F
肯德基,臺北市中正區台北車站R樓6號標區,25.04631,121.5179,F
肯德基,臺北市中正區八德路一段64號,25.04388,121.5314,F
肯德基,臺北市大同區承德路一段38號,25.05089,121.5167,F
肯德基,臺北市中山區南京東路三段222號,25.05165,121.5436,F
肯德基,臺北市中山區八德路二段306號B1,25.04687,121.5426,F
肯德基,臺北市中山區民生西路9號,25.05792,121.5216,F
肯德基,臺北市松山區南京東路五段164號,25.05129,121.5631,F
肯德基,臺北市大安區新生南路三段96-1號,25.01721,121.5331,F
肯德基,臺北市萬華區萬大路286號,25.02544,121.5003,F
肯德基,臺北市萬華區峨眉街14-16號2樓,25.04342,121.5071,F
肯德基,臺北市信義區莊敬路336號1樓,25.02782,121.5638,F
肯德基,臺北市信義區忠孝東路五段297號B1,25.04124,121.5732,F
肯德基,臺北市士林區中山北路六段748、750號,25.11564,121.5283,F
肯德基,臺北市士林區文林路88號,25.0873,121.526,F
肯德基,臺北市北投區東華街一段550號,25.11498,121.5157,F
肯德基,臺北市北投區光明路225號,25.13658,121.5041,F
肯德基,臺北市內湖區東湖路122-124號,25.06806,121.6164,F
肯德基,臺北市內湖區內湖路一段230號,25.08238,121.5648,F
肯德基,臺北市南港區三重路11號1-2樓,25.05585,121.6138,F
肯德基,臺北市文山區木柵路三段82號,24.98849,121.5668,F
肯德基,臺北市文山區興隆路三段9號,25.0009,121.5549,F
摩斯,台北市中正區忠孝西路一段49號B1,25.04608,121.5186,F
摩斯,台北市中正區中山南路7號B1,25.04027,121.5192,F
摩斯,台北市中正區忠孝東路二段132號,25.04244,121.5318,F
摩斯,台北市中正區公園路38號,25.04385,121.5166,F
摩斯,台北市中正區南昌路一段44號 1.2樓,25.03173,121.5167,F
摩斯,台北市中正區重慶南路一段125號,25.04211,121.5133,F
摩斯,台北市中正區中山南路21之1號,25.03676,121.519,F
摩斯,台北市中正區忠孝東路一段178號1樓及B1,25.04385,121.5265,F
摩斯,台北市中正區黎明里北平西路3號,25.0477,121.5174,F
摩斯,台北市中正區中山南路8號B1F,25.04417,121.5187,F
摩斯,台北市大同區承德路1段1號B2,25.04931,121.5172,F
摩斯,台北市大同區承德路一段1號,25.04931,121.5172,F
摩斯,台北市大同區重慶北路三段271號1.2樓,25.07224,121.5141,F
摩斯,台北市大同區長安西路219號,25.05205,121.5125,F
摩斯,台北市中山區中山北路2段9號,25.05272,121.5229,F
摩斯,台北市中山區吉林路27號,25.05077,121.5302,F
摩斯,台北市中山區林森北路140號,25.05156,121.5251,F
摩斯,台北市中山區民權東路三段5號,25.06256,121.5412,F
摩斯,台北市中山區松江路156-1號1樓,25.05452,121.5328,F
摩斯,台北市中山區中山北路2段76號,25.05718,121.5226,F
摩斯,"台北市中山區民權東路一段76號1,2樓",25.06247,121.5254,F
摩斯,台北市中山區敬業三路11號1樓,25.08364,121.5559,F
摩斯,台北市中山區松江路274號1樓,25.05974,121.533,F
摩斯,台北市中山區民生西路77號1樓,25.05765,121.5198,F
摩斯,台北市中山區北安路586號,25.08105,121.5488,F
摩斯,台北市中山區民權西路25號1樓,25.06303,121.5215,F
摩斯,台北市中山區南京東路三段116號1樓,25.05176,121.5403,F
摩斯,台北市中山區大直街59號,25.08341,121.5464,F
摩斯,台北市松山區敦化北路340-9號2樓,25.06368,121.5518,F
摩斯,台北市松山區南京東路4段2號,25.05079,121.5499,F
摩斯,台北市松山區慶城街1號,25.0528,121.5446,F
摩斯,台北市松山區復興南路一段39號B1,25.04606,121.5442,F
摩斯,台北市松山區民生東路五段184號 1.2樓,25.05817,121.5638,F
摩斯,"台北市松山區南京東路五段27,29號及27之2,29之2號",25.05285,121.5607,F
摩斯,台北市松山區吉祥路59號,25.05067,121.5626,F
摩斯,台北市松山區民生東路3段113巷7弄1號,25.05864,121.5464,F
摩斯,台北市松山區敦化北路155巷1號,25.0542,121.5497,F
摩斯,台北市松山區八德路3段123號,25.04825,121.5543,F
摩斯,台北市松山區民生東路4段114號1樓,25.05798,121.5545,F
摩斯,台北市大安區新生南路1段161之1號,25.03449,121.5331,F
摩斯,台北市大安區金山南路2段121號,25.03029,121.5268,F
摩斯,台北市大安區安和路一段70號1樓,25.03533,121.5523,F
摩斯,台北市大安區大安路1段237號,25.03413,121.5462,F
摩斯,台北市大安區仁愛路4段3小7號,25.03828,121.5463,F
摩斯,台北市大安區光復南路552號,25.03461,121.5573,F
摩斯,台北市大安區羅斯福路三段233號,25.0195,121.5298,F
摩斯,台北市大安區復興南路二段151巷47號,25.02848,121.5457,F
摩斯,台北市大安區忠孝東路三段300號B2,25.04121,121.5433,F
摩斯,台北市大安區基隆路四段43號,25.01325,121.5411,F
摩斯,台北市大安區仁愛路四段151巷37號B1,25.04059,121.552,F
摩斯,台北市大安區和平東路一段278號,25.02594,121.5342,F
摩斯,台北市大安區敦化南路二段81巷59號,25.03002,121.5512,F
摩斯,台北市大安區羅斯福路四段1號 國立臺灣大學小福樓2F,25.01862,121.5374,F
摩斯,台北市大安區信義路四段304號1樓,25.03296,121.5548,F
摩斯,台北市萬華區中華路一段80號1樓,25.04548,121.5088,F
摩斯,台北市萬華區青年路42號1樓,25.0256,121.5044,F
摩斯,台北市信義區基隆路二段22號1樓,25.03209,121.5588,F
摩斯,台北市信義區市府路45號B1,25.03349,121.5641,F
摩斯,台北市信義區忠孝東路五段629號1樓及B1,25.04187,121.5795,F
摩斯,台北市信義區吳興街243號,25.02751,121.5635,F
摩斯,台北市信義區莊敬路469號1、2樓,25.02693,121.568,F
摩斯,台北市信義區松山路11號,25.04919,121.5783,F
摩斯,台北市士林區士商路189號1樓,25.09613,121.5167,F
摩斯,台北市士林區福華路158號1樓,25.10384,121.5228,F
摩斯,台北市士林區天母東路21號,25.11824,121.5318,F
摩斯,台北市士林區忠誠路一段188號,25.10817,121.5301,F
摩斯,台北市士林區天母北路85號,25.12239,121.5269,F
摩斯,台北市士林區中山北路六段730號,25.11518,121.528,F
摩斯,台北市士林區格致路59號,25.13789,121.5465,F
摩斯,台北市士林區中山北路六段77號B1,25.10474,121.5245,F
摩斯,台北市士林區福林路189號1樓,25.09695,121.5325,F
摩斯,台北市北投區石牌路一段174號1樓,25.11446,121.5137,F
摩斯,台北市北投區石牌路一段39巷100號1樓,25.11647,121.5098,F
摩斯,台北市北投區光明路212號,25.13608,121.5039,F
摩斯,台北市北投區立德路15號,25.1248,121.4715,F
摩斯,台北市北投區中央北路1段42-1號,25.13407,121.5008,F
摩斯,台北市北投區北投路二段45號1F,25.13346,121.497,F
摩斯,台北市北投區石牌路二段201號,25.11921,121.5204,F
摩斯,台北市北投區立功街76號B1,25.12494,121.4693,F
摩斯,台北市北投區承德路七段400號2樓,25.12027,121.5013,F
摩斯,台北市內湖區內湖路一段637號1.2樓,25.08046,121.5748,F
摩斯,台北市內湖區東湖路110號1樓、2樓,25.06821,121.6157,F
摩斯,台北市內湖區成功路四段202號,25.08446,121.5955,F
摩斯,台北市內湖區內湖成功路五段63號1.2樓,25.074,121.606,F
摩斯,台北市內湖區文德路212號1.2樓,25.07824,121.584,F
摩斯,台北市內湖區瑞光路513巷34號,25.08018,121.5699,F
摩斯,台北市內湖區瑞湖街80號,25.07255,121.576,F
摩斯,台北市南港區經貿二路1號,25.05609,121.6176,F
摩斯,台北市南港區園區街3之2號-9,25.05784,121.6118,F
摩斯,台北市南港區忠孝東路六段444號1樓,25.0502,121.5939,F
摩斯,台北市南港區三重路19之8號,25.05752,121.6137,F
摩斯,台北市南港區忠孝東路七段369號,25.05256,121.6045,F
摩斯,台北市南港區研究院路二段130號,25.03921,121.6168,F
摩斯,台北市文山區木柵路三段41-1號1&2F,24.98858,121.5659,F
摩斯,台北市文山區興隆路3段44號,25.00029,121.5556,F
摩斯,台北市文山區木新路三段170號1之2樓,24.98189,121.5608,F
摩斯,台北市文山區景興路191號,24.99248,121.5444,F
摩斯,台北市文山區指南路二段71號,24.98791,121.5749,F
漢堡王,台北市中正區八德路一段31號,25.04413,121.5314,F
漢堡王,台北市中山區敬業三路20號B1,25.08331,121.5572,F
漢堡王,台北市中山區林森北路258號1樓,25.05448,121.5253,F
漢堡王,台北市中山區長春路176號,25.05467,121.5341,F
漢堡王,台北市中山區中山北路三段24-1號,25.06503,121.522,F
頂呱呱,台北市大安區信義路二段176號,25.03356,121.5295,F
頂呱呱,台北市大安區忠孝東路4段175之1號,25.04168,121.5506,F
頂呱呱,台北市大安區復興南路一段180號1樓,25.04095,121.5434,F
頂呱呱,台北市內湖區東湖路24號,25.06872,121.6129,F
頂呱呱,台北市松山區八德路3段206號,25.04782,121.5566,F
頂呱呱,台北市中正區羅斯福路四段134號1樓,25.01295,121.5358,F
頂呱呱,台北市中正區漢口街1段8號,25.04504,121.5146,F
頂呱呱,台北市南港區忠孝東路六段392號1樓,25.04982,121.5924,F
頂呱呱,台北市內湖區瑞光路283號1樓,25.07558,121.5766,F
頂呱呱,台北市信義區松壽路11號B2,25.03601,121.5672,F
頂呱呱,台北市信義區松高路11號B2,25.03972,121.5659,F
頂呱呱,台北市中正區忠孝西路一段47號B1,25.04639,121.5174,F
頂呱呱,台北市文山區新光路2段30號,24.99835,121.581,F
頂呱呱,台北市南港區忠孝東路7段371號B1,25.05182,121.6046,F
頂呱呱,台北市北投區光明路 218-2 號,25.1362,121.5043,F
頂呱呱,台北市文山區興隆路3段67號,25.00018,121.5563,F
頂呱呱,台北市士林區士商路189號B1,25.09613,121.5167,F
頂呱呱,台北市中山區南京東路三段 17 號,25.0522,121.5376,F
頂呱呱,台北市中山區民權西路54-1號,25.06259,121.5205,F
頂呱呱,台北市萬華區昆明街 92-2 號,25.04498,121.5053,F
忠孝復興站,台北市大安區東豐街43號45號1樓,25.04163,121.5438,MRT
南港展覽館站,台北市大安區信義路四段74號1樓,25.05538,121.6183,MRT
松山機場站,台北市中正區汀州路二段210號,25.06302,121.5518,MRT
中山國中站,台北市中正區許昌街17號1樓,25.06085,121.5442,MRT
南京復興站,台北市內湖區港華街40號1樓,25.0521,121.5444,MRT
大安站,台北市士林區後港街98之1號2號1樓,25.03323,121.5439,MRT
科技大樓站,台北市士林區士東路286巷37號,25.02612,121.5434,MRT
六張犁站,台北市大安區四維路170巷8號1樓,25.0237,121.5516,MRT
麟光站,台北市中山區長安東路2段43號45-1號1樓,25.01546,121.5611,MRT
辛亥站,台北市內湖區內湖路一段445號1樓,25.00548,121.5571,MRT
萬芳醫院站,台北市內湖區行善路64號,24.99939,121.5582,MRT
萬芳社區站,台北市中山區樂群二路154號1樓,25.00225,121.57,MRT
木柵站,台北市松山區撫遠街197號199號,24.99824,121.5731,MRT
動物園站,台北市內湖區成功路4段359號1樓,24.99826,121.5794,MRT
大直站,台北市文山區指南路1段34號36號1樓,25.07948,121.5469,MRT
劍南路站,台北市大安區辛亥路3段30號(台大國青宿舍),25.08485,121.5556,MRT
西湖站,台北市中正區忠孝東路二段100號1樓,25.08213,121.5672,MRT
港墘站,台北市中山區樂群二路206號1樓,25.08004,121.5751,MRT
文德站,台北市大安區忠孝東路4段216巷27弄1號1樓,25.07855,121.5855,MRT
內湖站,台北市大同區延平北路四段16號18號1樓,25.06479,121.5853,MRT
大湖公園站,台北市中山區松江路295號295-1號1樓,25.08301,121.6053,MRT
葫洲站,台北市松山區敦化北路149號1樓,25.07272,121.6072,MRT
東湖站,台北市大安區敦化南路二段265巷6號1樓,25.06713,121.6117,MRT
南港軟體園區站,台北市內湖區環山路二段81號83號1樓,25.05994,121.6159,MRT
小碧潭站,台北市大安區敦化南路2段238號,24.97201,121.5305,MRT
新店站,台北市萬華區華中里萬大路464號一樓,24.95894,121.5386,MRT
新店市公所站,台北市南港區福德街373巷25號,24.96739,121.541,MRT
七張站,台北市中正區寧波西街86號1樓,24.97498,121.5431,MRT
大坪林站,台北市中正區中華路2段407號,24.98279,121.541,MRT
景美站,台北市信義區忠孝東路5段386號,24.99352,121.5408,MRT
萬隆站,台北市信義區松勤街100號1樓,24.99928,121.5402,MRT
公館站,台北市萬華區西寧南路85號,25.01194,121.5378,MRT
臺電大樓站,台北市內湖區文德路99號1樓,25.01756,121.5314,MRT
古亭站,台北市中山區民權東路3段73號,25.02613,121.5229,MRT
中正紀念堂站,台北市信義區吳興街257號259號,25.03273,121.5183,MRT
頂溪站,台北市文山區興隆路2段244巷20號1樓,25.01422,121.5154,MRT
永安市場站,台北市中正區衡陽路27號,25.00388,121.5133,MRT
景安站,台北市中正區長沙街一段20號1樓,24.99371,121.5046,MRT
南勢角站,台北市文山區永安街22巷23號25號1樓,24.98992,121.5089,MRT
小南門站,台北市北投區立德路15號B1,25.03553,121.5109,MRT
臺大醫院站,台北市信義區福德街159號161號1樓,25.04147,121.5186,MRT
臺北車站,台北市信義區基隆路二段155號1樓,25.04775,121.5171,MRT
中山站,台北市大同區酒泉街25號27號1樓,25.0529,121.5203,MRT
雙連站,台北市萬華區莒光路216號萬大路57號1樓,25.0579,121.5206,MRT
民權西路站,台北市大安區敦化南路2段182號,25.06288,121.5193,MRT
圓山站,台北市士林區文林路669號1樓及B1,25.07135,121.5201,MRT
劍潭站,台北市文山區秀明路二段8號10號,25.08487,121.5251,MRT
士林站,台北市信義區逸仙路42巷25號1樓,25.09354,121.5262,MRT
芝山站,台北市士林區基河路132號1樓,25.10306,121.5225,MRT
明德站,台北市大同區延平北路二段232號234號1樓,25.10972,121.5188,MRT
石牌站,台北市大安區忠孝東路四段205巷7弄5號1樓,25.11452,121.5156,MRT
唭哩岸站,台北市大安區敦化南路二段331巷14號,25.12087,121.5063,MRT
奇岩站,台北市大安區羅斯福路3段245號,25.12611,121.501,MRT
北投站,台北市大安區臥龍街252號及252-1號,25.13131,121.4992,MRT
新北投站,台北市南港區玉成街150號1樓,25.13694,121.5026,MRT
復興崗站,台北市中山區民權東路2段96號98號1樓,25.1382,121.4919,MRT
忠義站,台北市大安區光復南路240巷25號,25.13106,121.4732,MRT
關渡站,台北市中正區寧波東街17號1樓,25.12492,121.4655,MRT
竹圍站,台北市中正區廈門街99巷19-2號1樓,25.13656,121.4601,MRT
紅樹林站,台北市信義區崇德街104號106號1樓,25.15404,121.4589,MRT
淡水站,台北市大安區敦化南路二段97號1樓,25.16782,121.4456,MRT
頂埔站,台北市內湖區內湖路二段407號409號1樓,24.95933,121.4199,MRT
永寧站,台北市內湖區五分街33號35號1樓,24.9668,121.4363,MRT
土城站,台北市大同區承德路三段55號57號1樓,24.97322,121.4442,MRT
海山站,台北市中正區武昌街一段45號1樓,24.98543,121.4486,MRT
亞東醫院站,台北市內湖區東湖路113巷88號,24.99804,121.4525,MRT
府中站,台北市中山區中山北路2段11巷3號1樓,25.0084,121.4589,MRT
板橋站,台北市大安區和平東路2段18號,25.0146,121.4625,MRT
新埔站,台北市萬華區廣州街148號,25.02418,121.4682,MRT
江子翠站,台北市內湖區內湖路一段411巷17號19弄1號,25.03397,121.4733,MRT
龍山寺站,台北市南港區三重路19號1樓,25.03528,121.4998,MRT
西門站,台北市文山區辛亥路四段132號,25.04212,121.5077,MRT
善導寺站,台北市大安區敦化南路一段187巷29號,25.04411,121.5242,MRT
忠孝新生站,台北市大安區安居街33號,25.04244,121.5332,MRT
忠孝敦化站,台北市信義區忠孝東路4段514號,25.04162,121.5517,MRT
國父紀念館站,台北市中正區武昌街一段1-2號1樓,25.03901,121.5577,MRT
市政府站,台北市士林區大北路14號16號1樓,25.04115,121.566,MRT
永春站,台北市大安區金山南路2段18號1樓,25.04071,121.5766,MRT
後山埤站,台北市中山區南京西路12巷9號1樓,25.04505,121.5825,MRT
昆陽站,台北市信義區忠孝東路5段236巷6-3號8號1樓,25.05016,121.5934,MRT
南港站,台北市大安區和平東路3段97號,25.05206,121.6066,MRT
大橋頭站,台北市中山區林森北路310巷10號1樓,25.06326,121.5127,MRT
行天宮站,台北市中正區紹興北街37號1樓,25.05972,121.5332,MRT
松江南京站,台北市文山區木新路三段179號181號,25.05123,121.5327,MRT
東門站,台北市中正區杭州南路一段83號,25.03405,121.5289,MRT
蘆洲站,台北市北投區自強街82號,25.09155,121.4645,MRT
三民高中站,台北市大同區南京西路436號1F,25.08546,121.4734,MRT
徐匯中學站,台北市信義區基隆路2段22號,25.07955,121.4813,MRT
三和國中站,台北市士林區忠誠路二段7號1樓,25.07542,121.4887,MRT
三重國小站,台北市北投區致遠二路149號,25.06945,121.4983,MRT
輔大站,台北市北投區中央北路三段55號57號1樓,25.03282,121.4361,MRT
新莊站,台北市萬華區寶興街186號,25.03613,121.4525,MRT
頭前庄站,台北市中正區青島東路4號,25.03971,121.4617,MRT
先嗇宮,台北市士林區延平北路6段202號204號,25.04649,121.4719,MRT
三重站,台北市大安區臥龍街188巷1號,25.05579,121.4847,MRT
菜寮站,台北市士林區天母東路8巷98號,25.06027,121.4922,MRT
臺北橋站,台北市信義區永吉路30巷168弄1號1樓,25.06306,121.4999,MRT
迴龍站,台北市萬華區昆明街30-1號30-2號1樓,25.02254,121.4127,MRT
丹鳳站,台北市中山區吉林路209號1樓2樓,25.02905,121.4224,MRT
象山站,台北市北投區振興街45號B1,25.03294,121.5688,MRT
台北101/世貿中心站,台北市中正區信義路2段15號1樓,25.03306,121.5632,MRT
信義安和站,台北市士林區克強路11及11-1號1樓,25.03312,121.5528,MRT
大安森林公園站,台北市士林區中正路301號1樓,25.03348,121.5354,MRT
北門站,台北市松山區敦化北路100號1樓,25.04903,121.51,MRT
台北小巨蛋站,台北市中山區龍江路356巷39及41號1樓,25.05145,121.5508,MRT
南京三民站,台北市萬華區成都路96號1樓,25.05146,121.5604,MRT
松山站,台北市士林區劍潭路21號1樓,25.04988,121.5775,MRT
中山國小站,台北市中山區林森北路107巷15號1樓,25.06269,121.5264,MRT
7-11-敦維店,台北市中山區復興北路164號1樓,25.03617,121.5467,C
7-11-安信店,台北市士林區大東路123號125號1樓,25.03308,121.5464,C
7-11-古亭店,台北市北投區致遠一路二段49號51號1樓,25.02235,121.5237,C
7-11-千翔店,台北市士林區華岡路45之1號1樓,25.04577,121.5171,C
7-11-港華店,台北市士林區德行東路106號108號1樓,25.08298,121.5749,C
7-11-前港店,台北市北投區立功街76號1樓,25.08569,121.5215,C
7-11-德芝店,台北市南港區研究院路二段94號96號98巷1號,25.11177,121.5377,C
7-11-合維店,台北市信義區松高路11號B2樓,25.02811,121.5476,C
7-11-江東店,台北市南港區八德路四段778號780號,25.04861,121.5318,C
7-11-麗安店,台北市松山區民生東路4段54號之2一樓,25.08127,121.5723,C
7-11-參龍店,台北市內湖區內湖路三段59巷1號61號63號,25.05706,121.5763,C
7-11-敬群店,台北市文山區景中街45號1樓,25.0799,121.5571,C
7-11-塔優店,台北市信義區永吉路30巷103號,25.05987,121.568,C
7-11-秀湖店,台北市中正區仁愛路二段39號39-1號,25.08445,121.6001,C
7-11-指南店,台北市士林區忠誠路一段126號,24.9876,121.5697,C
7-11-國青店,台北市士林區承德路四段39號,25.02041,121.5446,C
7-11-忠聯店,台北市信義區忠孝東路五段1之6號,25.04051,121.5317,C
7-11-基河店,台北市大安區大安路一段218號,25.07964,121.5591,C
7-11-統家店,台北市文山區興隆路三段108號,25.04002,121.5533,C
7-11-延龍店,台北市信義區和平東路3段461號1樓,25.06915,121.5108,C
7-11-松錦店,台北市大安區仁愛路4段151巷27號,25.061,121.5334,C
7-11-敦北店,台北市松山區新東街60巷16號18號1樓,25.05387,121.5495,C
7-11-敦禾店,台北市松山區敦化北路340-9號,25.02537,121.5496,C
7-11-環金店,台北市南港區研究院路2段14號,25.08475,121.5748,C
7-11-昇隆店,台北市萬華區昆明街197號199號1樓,25.02096,121.5484,C
7-11-富帆店,台北市中正區漢口街一段82號1樓,25.02012,121.4977,C
7-11-港德店,台北市信義區林口街48號,25.0394,121.5916,C
7-11-鑫重寧店,台北市北投區溫泉路73巷5號地下二樓之1,25.02984,121.5159,C
7-11-掬華店,台北市中山區中山北路2段44巷2號1樓,25.02602,121.5083,C
7-11-松山店,台北市中山區一江街23號1樓,25.04076,121.5741,C
7-11-信運店,台北市北投區中和街222號,25.03187,121.5667,C
7-11-漢寧店,台北市內湖區文湖街83號1樓,25.04558,121.5068,C
7-11-鑫文德店,台北市中山區明水路636號樂群三路1號,25.07879,121.5834,C
7-11-權東店,台北市萬華區桂林路55號,25.06258,121.5436,C
7-11-醫學店,台北市松山區南京東路5段66巷3弄1號1樓,25.02725,121.5637,C
7-11-興岩店,台北市中正區博愛路97號1樓,25.00018,121.5532,C
7-11-新格蘭店,台北市萬華區漢口街二段73號1樓,25.04241,121.5128,C
7-11-英雄館店,台北市中正區濟南路2段50號,25.04029,121.5087,C
7-11-文山店,台北市大安區復興南路二段17號,24.98675,121.5689,C
7-11-華碩店,台北市信義區光復南路471號,25.1248,121.4715,C
7-11-福中店,台北市信義區松山路11號1樓,25.03769,121.5833,C
7-11-喬治店,台北市大同區民生西路176號,25.02591,121.5545,C
7-11-圓泉店,台北市中山區長安東路1段75號1樓,25.07073,121.5194,C
7-11-萬華店,台北市內湖區內湖路一段669號,25.03134,121.5007,C
7-11-敦隆店,台北市大安區泰順街13號,25.02358,121.5483,C
7-11-德華店,台北市大同區延平北路3段61-5號,25.10083,121.5222,C
7-11-新秀店,台北市內湖區瑞陽里江南街71巷16弄76號,24.99161,121.5741,C
7-11-新三連店,台北市內湖區內湖路三段141巷7號,25.04047,121.5632,C
7-11-承河店,台北市中山區晴光里中山北路3段47號,25.08909,121.5228,C
7-11-涼州店,台北市北投區溫泉路70號,25.05977,121.5113,C
7-11-統領店,台北市北投區泉源路30號地下一樓,25.04216,121.5522,C
7-11-樂隆店,台北市中山區南京東路一段132巷8號,25.0226,121.5496,C
7-11-溫州店,台北市文山區忠順街1段26巷15號,25.01933,121.53,C
7-11-麟光店,台北市松山區市民大道路四段105號,25.01841,121.557,C
7-11-玉德店,台北市北投區石牌路一段35號,25.045,121.5836,C
7-11-福權店,台北市南港區聯成里昆陽街150-1號150-3號,25.06235,121.5318,C
7-11-國館店,台北市士林區社中街211號1樓,25.04049,121.5564,C
7-11-中愛店,台北市北投區知行路185號1樓,25.0331,121.5203,C
7-11-牯嶺店,台北市南港區中坡南路47號1樓,25.02398,121.5188,C
7-11-崇德店,台北市松山區新東街15巷1號,25.024,121.5556,C
7-11-新東帝店,台北市士林區承德路4段30號,25.02893,121.5493,C
7-11-金龍店,台北市萬華區萬大路292號,25.08456,121.5933,C
7-11-克里斯店,台北市松山區南京東路五段315號,25.06764,121.6134,C
7-11-三德店,台北市大安區忠孝東路四段26巷5號,25.06521,121.5186,C
7-11-博美店,台北市中正區南昌路一段72號,25.0442,121.5112,C
7-11-清圳店,台北市中山區龍江路239號1樓,25.07196,121.6157,C
7-11-柯鑫店,台北市中山區民生東路二段157號,25.05282,121.5234,C
7-11-龍門店,台北市北投區中和街314號316號1樓,25.02558,121.536,C
7-11-龍廣店,台北市中正區中山南路7號B1 樓,25.03658,121.5006,C
7-11-福湖店,台北市南港區南港路3段9號1樓,25.08243,121.5713,C
7-11-經貿店,台北市大安區樂利路76號78號1樓,25.05714,121.6138,C
7-11-辛亥站店,台北市松山區健康路11號,25.00449,121.5566,C
7-11-建安店,台北市松山區民權東路三段160巷9號1樓,25.04269,121.5507,C
7-11-安居店,台北市中山區龍江路104號1樓,25.02042,121.5544,C
7-11-東暉店,台北市南港區研究院路三段72號74號1樓,25.04083,121.5626,C
7-11-重南店,台北市南港區經貿二路168號4樓,25.04417,121.5135,C
7-11-文林店,台北市內湖區環山路一段70號,25.08985,121.5266,C
7-11-金信店,台北市大安區仁愛路4段79號1號,25.03322,121.5269,C
7-11-鑫越店,台北市中正區市民大道3段2號B2樓,25.05182,121.5215,C
7-11-新工農店,台北市萬華區成都路27巷1號1樓,25.04016,121.5717,C
7-11-技安店,台北市大同區長安西路45之2號47號1樓,25.02458,121.5508,C
7-11-歡唱店,台北市大同區民族西路246號248號1樓,25.05612,121.5248,C
7-11-紹興店,台北市士林區承德路五段55號,25.04547,121.5255,C
7-11-新景美店,台北市萬華區興義街6號8號1樓,24.98152,121.5605,C
7-11-丹陽店,台北市大安區和平東路3段298號300號1樓,25.03906,121.5255,C
7-11-統勝店,台北市信義區忠孝東路五段470號1樓,25.11056,121.5146,C
7-11-稻埕店,台北市南港區忠孝東路七段359號1樓,25.05327,121.5089,C
7-11-中興店,台北市萬華區西藏路107號107之1號1樓,25.03209,121.5588,C
7-11-德行店,台北市信義區松高路12號B1樓,25.10897,121.5306,C
7-11-安遠店,台北市信義區松德路127號129號1樓,25.11742,121.513,C
7-11-中陽店,台北市南港區經貿二路186號2樓,25.13797,121.4851,C
7-11-寶昌店,台北市士林區文林路102號B1,25.02368,121.4953,C
7-11-青島店,台北市中山區建國北路2段127號1樓B1樓,25.04394,121.5214,C
7-11-集鑫店,台北市大安區濟南路三段12號1樓,25.08959,121.5051,C
7-11-黎元店,台北市大安區仁愛路4段122巷50號1樓,25.01803,121.5508,C
7-11-天美店,台北市信義區松德路271號,25.11432,121.5301,C
7-11-敦厚店,台北市中山區北安路839-1號,25.04368,121.5691,C
7-11-昆福店,台北市內湖區舊宗路一段128號,25.0472,121.5059,C
7-11-吉林店,台北市萬華區青年路18號1樓,25.06024,121.5304,C
7-11-振興醫店,台北市南港區向陽路166號1樓,25.11751,121.5225,C
7-11-杭信店,台北市中山區長安東路二段178號178-1號1樓,25.03522,121.5253,C
7-11-新天強店,台北市中山區南京東路二段115巷1號,25.10893,121.5246,C
7-11-士正店,台北市中山區長春路182號,25.0947,121.5238,C
7-11-錢京店,台北市中正區新生南路1段126-7號,25.05243,121.5484,C
7-11-濱江店,台北市內湖區民權東路六段296巷3號1樓,25.06616,121.5393,C
7-11-成都店,台北市中山區松江路363號,25.04306,121.5043,C
7-11-三樂店,台北市中正區文祥里臨沂街74號76號,25.08414,121.5227,C
7-11-六條通店,台北市大同區南京西路233巷15號17號1.2樓,25.05032,121.5257,C
7-11-復北店,台北市士林區文林路530號,25.05348,121.5438,C
7-11-新士林店,台北市松山區民生東路五段100號,25.09159,121.5254,C
7-11-福致店,台北市中山區民生東路3段31號,25.11191,121.5136,C
7-11-太學店,台北市中正區廈門街42號46號,25.13784,121.5421,C
7-11-德誠店,台北市文山區羅斯福路五段216號,25.10771,121.5287,C
7-11-和碩店,台北市文山區羅斯福路5段249號1樓,25.12494,121.4693,C
7-11-胡適店,台北市內湖區瑞光路196號,25.04416,121.6158,C
7-11-統誠店,台北市中正區中華路一段41號1樓,25.03972,121.5659,C
7-11-凱松店,台北市內湖區康樂街125巷2號,25.05044,121.5803,C
7-11-明塑店,台北市大安區延吉街237號,25.0577,121.551,C
7-11-碧綠店,台北市萬華區萬青街168號,25.08605,121.592,C
7-11-漢神店,台北市大同區延平北路2段159號161號,24.99272,121.544,C
7-11-永信店,台北市大安區通化街177號,25.04354,121.5688,C
7-11-仁金店,台北市萬華區長沙街2段87號1樓,25.03845,121.5289,C
7-11-誠義店,台北市北投區中央北路二段15號17號,25.10579,121.5288,C
7-11-承富店,台北市中正區懷寧街30號32號1樓,25.08098,121.5229,C
7-11-松捷店,台北市萬華區中華路2段602-1-2號一樓,25.04132,121.5651,C
7-11-信安店,台北市士林區美崙街112號一樓,25.03433,121.5459,C
7-11-興北店,台北市士林區德行東路262號1樓,24.99928,121.5573,C
7-11-麟運店,台北市中正區黎明里忠孝西路一段35號一樓,25.01871,121.5589,C
7-11-建綸店,台北市文山區羅斯福路5段21號1樓,25.0396,121.5519,C
7-11-福源店,台北市萬華區西園路二段140巷52號,25.05813,121.5673,C
7-11-松航店,台北市信義區吳興街156巷2弄2號4號1樓,25.06368,121.5518,C
7-11-研究店,台北市中山區林森北路108號1樓2樓,25.04754,121.6155,C
7-11-漢陽店,台北市萬華區新忠里西藏路125巷17號,25.03914,121.5042,C
7-11-漢慶店,台北市信義區正和里光復南路419巷41號,25.04508,121.5122,C
7-11-萊福店,台北市士林區延平北路五段134號134-2號1樓,25.03825,121.5794,C
7-11-加賀屋店,台北市松山區寶清街34號1樓,25.13591,121.5059,C
7-11-翔運店,台北市文山區萬年里羅斯福路5段170巷33及35號,25.05489,121.5214,C
7-11-江陵店,台北市大安區安和路二段67號,25.05299,121.5316,C
7-11-北投店,台北市文山區木柵路三段88號,25.13917,121.5019,C
7-11-金湖店,台北市信義區吳興街250號1樓,25.08658,121.5641,C
7-11-明水店,台北市士林區福華路126號1樓,25.08271,121.5512,C
7-11-桂明店,台北市中山區敬業三路11號1樓,25.03829,121.5031,C
7-11-吉盛店,台北市萬華區寶興街 43號45號1樓,25.0509,121.561,C
7-11-大永博店,台北市士林區華齡街17巷2號4號1樓,25.04307,121.5116,C
7-11-六福店,台北市信義區市府路45號B1之53,25.04616,121.5052,C
7-11-濟新店,台北市萬華區東園街78號1樓,25.04027,121.5312,C
7-11-復維店,台北市大安區羅斯福路3段283巷14弄16號1樓,25.0324,121.5439,C
7-11-光復店,台北市士林區中山北路7段141巷6之1號1樓,25.03373,121.5577,C
7-11-松泰店,台北市士林區延平北路五段228號230號1樓,25.04919,121.5783,C
7-11-雙連店,台北市中正區羅斯福路3段316巷16號1樓,25.05719,121.5175,C
7-11-長新店,台北市內湖區民權東路6段82號1樓,25.04853,121.528,C
7-11-墘都店,台北市中山區中山北路2段77巷3號5號1樓,25.08004,121.576,C
7-11-新泰順店,台北市信義區松信路148號1樓,25.0251,121.5315,C
7-11-延年店,台北市大安區信義路三段178號1樓,25.06587,121.5111,C
7-11-瑞江店,台北市士林區德行東路6之2號1樓,25.0763,121.5791,C
7-11-金聯發店,台北市大同區延平北路一段89號91號93號1樓,25.08633,121.5892,C
7-11-麥田店,台北市北投區公館路259號1樓,25.06661,121.5227,C
7-11-泉北店,台北市中正區青島西路7號1樓,25.13515,121.5049,C
7-11-泉源店,台北市內湖區成功路2段325號1樓,25.14019,121.5065,C
7-11-國旺店,台北市內湖區民權東路6段180巷17號19號,25.05132,121.5271,C
7-11-忠順店,台北市大安區信義路4段265巷12弄1號,24.98252,121.5597,C
7-11-市大店,台北市中正區南海路50號,25.04521,121.548,C
7-11-百齡店,台北市內湖區東湖路119巷49弄2號1樓,25.11314,121.5102,C
7-11-聯成店,台北市信義區虎林街222巷7號9號1樓,25.04911,121.5942,C
7-11-友成店,台北市文山區興隆路三段111號,25.091,121.5084,C
7-11-知心店,台北市中山區南京東路三段21號1樓,25.11911,121.4662,C
7-11-中坡店,台北市萬華區康定路203號205號1樓,25.04286,121.5836,C
7-11-征東店,台北市中正區林森南路4號之3,25.05855,121.5659,C
7-11-新承德店,台北市內湖區瑞光路406號1樓,25.08038,121.522,C
7-11-新艋舺店,台北市松山區北寧路66號,25.02526,121.5003,C
7-11-通盈店,台北市大安區仁愛路四段266巷15弄22號,25.05158,121.5668,C
7-11-錢忠店,台北市中山區民生東路1段46號46-1號1樓,25.04114,121.5445,C
7-11-南昌店,台北市信義區松隆路192號194號1樓,25.03113,121.5172,C
7-11-建龍店,台北市內湖區內湖路2段249號251號,25.0583,121.5408,C
7-11-佳佳店,台北市松山區八德路三段20-2號,25.05812,121.5359,C
7-11-金和店,台北市大安區羅斯福路4段1號,25.14096,121.4999,C
7-11-台醫店,台北市南港區興華路119號121號123號125號,25.04027,121.5192,C
7-11-玉成店,台北市內湖區洲子街102號1樓,25.05395,121.592,C
7-11-樂利店,台北市內湖區新明路317號,25.0257,121.5519,C
7-11-健一店,台北市中山區明水路581巷15號1樓,25.05322,121.5525,C
7-11-敦化店,台北市萬華區萬大路184號,25.06075,121.5479,C
7-11-龍京店,台北市士林區福港街246號,25.05275,121.5403,C
7-11-華技店,台北市信義區忠孝東路5段617號,25.03472,121.6142,C
7-11-鑫貿店,台北市松山區延壽街99號1樓,25.05872,121.6165,C
7-11-環湖店,台北市南港區忠孝東路六段465號1樓,25.08654,121.5669,C
7-11-頂好店,台北市士林區延平北路五段269號271號1樓,25.03819,121.5474,C
7-11-秋葉原店,台北市萬華區中華路2段34號,25.04548,121.5311,C
7-11-明日店,台北市北投區振興街31號,25.04274,121.5069,C
7-11-長峰店,台北市中正區汀州路3段269號1樓2樓,25.05079,121.518,C
7-11-延民店,台北市大同區民生西路214號216號1樓,25.06851,121.5125,C
7-11-兒樂店,台北市信義區吳興街486號488號1樓,25.09709,121.5147,C
7-11-興義店,台北市中山區建國北路2段13號1樓,25.02668,121.4917,C
7-11-富陽店,台北市大安區復興南路2段82-1及82-2號,25.0206,121.5562,C
7-11-忠林店,台北市北投區明德路99號,25.04066,121.5769,C
7-11-港泰店,台北市萬華區萬大路245號247號1樓,25.05216,121.6069,C
7-11-華藏店,台北市中山區雙城街30號1樓,25.02965,121.5034,C
7-11-新光店,台北市中山區建國北路二段151巷8號1樓,25.03885,121.5668,C
7-11-德鄰店,台北市士林區忠義街121號,25.03743,121.5753,C
7-11-中貿店,台北市內湖區江南街128號,25.05997,121.6153,C
7-11-士鑽店,台北市松山區南京東路4段51號之2,25.08784,121.5262,C
7-11-建錦店,台北市信義區基隆路一段398號1樓,25.05995,121.5373,C
7-11-濟南店,台北市松山區三民路115號,25.04011,121.5339,C
7-11-敦信店,台北市信義區吳興街284巷18弄2號,25.03443,121.5501,C
7-11-松義店,台北市士林區中山北路七段156號1樓,25.03291,121.5746,C
7-11-美麗華店,台北市松山區八德路四段245巷35號,25.08467,121.5573,C
7-11-大潤發店,台北市南港區成福路145號147號,25.06097,121.578,C
7-11-青園店,台北市內湖區康樂街213號,25.02601,121.5057,C
7-11-向揚店,台北市中山區長春路257號,25.05577,121.5943,C
7-11-鑫安江店,台北市文山區羅斯福路六段308號310號,25.04822,121.5406,C
7-11-松盛店,台北市大安區復興南路2段151巷41號,25.05261,121.5337,C
7-11-國學店,台北市松山區民生東路4段55巷10號,25.05471,121.5342,C
7-11-新南店,台北市中正區中華路二段157號,25.03712,121.5325,C
7-11-康葫店,台北市松山區復興北路313巷25號,25.07242,121.6056,C
7-11-權松店,台北市中山區民權東路二段26號,25.06395,121.5335,C
7-11-臨沂店,台北市中山區北安路649號,25.03456,121.5278,C
7-11-詠樂店,台北市中正區汀州路一段129號,25.05427,121.5105,C
7-11-丹樺店,台北市內湖區康寧路一段160號,25.09725,121.5241,C
7-11-東吉店,台北市士林區忠義街68號,25.05844,121.5603,C
7-11-新西華店,台北市北投區承德路7段378號,25.05807,121.5391,C
7-11-新廈門店,台北市文山區萬和街6號2樓之1,25.02566,121.5174,C
7-11-羅斯福店,台北市松山區寧安街3巷11號1樓,25.00233,121.5386,C
7-11-萬隆站店,台北市信義區基隆路一段333號B3,25.00165,121.5393,C
7-11-見晴店,台北市大同區重慶北路三段47號49號1樓,25.07501,121.577,C
7-11-欣漢華店,台北市內湖區瑞光路188巷51號1樓,25.04492,121.5094,C
7-11-瓏山林店,台北市中山區合江街60號,25.0734,121.6196,C
7-11-延吉店,台北市大同區南京西路296號298號1樓,25.03662,121.5557,C
7-11-克難店,台北市中正區館前路59號1樓,25.02351,121.5015,C
7-11-延埕店,台北市內湖區陽光街349號1樓,25.05837,121.5116,C
7-11-華電店,台北市內湖區東湖路120號1樓,25.02761,121.5536,C
7-11-新起店,台北市松山區南京東路四段52巷1號1樓,25.04057,121.5049,C
7-11-政戰店,台北市大安區金華街140號1樓,25.13646,121.496,C
7-11-鑫華福店,台北市松山區延吉街27-1號1樓,25.04541,121.5141,C
7-11-中寧店,台北市南港區忠孝東路七段371號B2,25.02466,121.51,C
7-11-冬樂店,台北市萬華區萬大路486巷61號63號1樓,25.09714,121.5197,C
7-11-德東店,台北市士林區中山北路五段250號,25.10975,121.5347,C
7-11-鑫台北店,台北市內湖區新湖二路329號1樓,25.04614,121.5187,C
7-11-新萬盛店,台北市內湖區五分街9號11號1樓,25.00792,121.5385,C
7-11-園舺店,台北市文山區木柵路1段17巷1號1樓,25.03153,121.4949,C
7-11-三興店,台北市大安區敦化南路1段247巷12號1樓,25.0291,121.5614,C
7-11-森北店,台北市大安區基隆路4段43號1樓,25.05093,121.5249,C
7-11-國雙店,台北市大安區信義路四段294巷7號1樓,25.02805,121.5026,C
7-11-仁和店,台北市中山區南京東路二段11號1樓,25.03661,121.5585,C
7-11-葫蘆店,台北市松山區南京東路四段2號,25.08206,121.5107,C
7-11-聰明店,台北市中山區樂群三路218號1樓,25.05272,121.5678,C
7-11-萬福店,台北市北投區西安街2段345號1樓,25.00466,121.5366,C
7-11-臨江店,台北市松山區南京東路五段16號1樓,25.03058,121.5526,C
7-11-木盛店,台北市大安區安東街50之2號50之3號50之4號,24.98854,121.5669,C
7-11-北醫大店,台北市信義區信義路五段7號35樓,25.02584,121.5612,C
7-11-芝山店,台北市士林區基河路368號370號,25.10271,121.5229,C
7-11-薇美店,台北市士林區後港街210號,25.08364,121.5559,C
7-11-鑫寶店,台北市大安區信義路二段198巷6號1樓,25.02737,121.4935,C
7-11-華齡店,台北市南港區玉成街69號1樓,25.08308,121.5193,C
7-11-台金店,台北市大安區基隆路四段43號第三餐廳,25.03349,121.5641,C
7-11-萬長店,台北市北投區裕民一路40巷1號,25.02499,121.4968,C
7-11-大台店,台北市松山區民生東路3段127巷6號,25.01831,121.5326,C
7-11-天真店,台北市士林區天玉街8號,25.12118,121.532,C
7-11-葫東店,台北市士林區延平北路六段122號124號1樓,25.08421,121.5101,C
7-11-羅館店,台北市信義區松山路136號138號,25.01544,121.5323,C
7-11-民東店,台北市松山區八德路四段686號,25.06871,121.5857,C
7-11-國賓店,台北市中山區松江路183號183-1號1樓,25.05756,121.5232,C
7-11-松信店,台北市中正區衡陽路6號1樓,25.04368,121.5719,C
7-11-鑫復店,台北市中正區開封街一段40號42號1樓,25.0332,121.5423,C
7-11-蘭雅店,台北市內湖區瑞光路517號1樓,25.10634,121.5254,C
7-11-延華店,台北市中山區長安東路二段101號,25.05176,121.512,C
7-11-公岩店,台北市文山區興隆路2段219號,25.12553,121.5082,C
7-11-兒醫店,台北市大安區通化里光復南路616號,25.04493,121.5182,C
7-11-國醫店,台北市士林區中正路227號,25.07176,121.5926,C
7-11-名寶店,台北市士林區光華路26巷10號1樓,25.06738,121.5934,C
7-11-信義店,台北市中山區林森北路380之1號1樓,25.03432,121.5543,C
7-11-南海店,台北市中山區朱崙街60號1樓,25.03206,121.5153,C
7-11-鑫輝煌店,台北市士林區天母里天母西路39-1號1樓,25.06989,121.6171,C
7-11-信林店,台北市中正區忠孝西路1段66號B1樓,25.03718,121.5771,C
7-11-萬芳醫店,台北市松山區民生東路三段130巷2之1號1樓,24.99969,121.5576,C
7-11-國京店,台北市文山區指南路2段99號101號,25.05231,121.5378,C
7-11-龍山店,台北市大安區樂利路29號29-1號,25.03602,121.5015,C
7-11-千成店,台北市信義區松仁路162號164號1樓,25.04396,121.523,C
7-11-里昂店,台北市大安區仁愛路三段74號1樓,25.0781,121.5707,C
7-11-北體店,台北市中山區龍江路322號,25.05093,121.5528,C
7-11-泰利店,台北市大安區和平東路一段266號,25.03654,121.5542,C
7-11-林北店,台北市南港區南港路三段49-1號,25.0579,121.5244,C
7-11-松錢店,台北市大安區基隆路2段142之1號及142之2號,25.04676,121.5723,C
7-11-達人店,台北市松山區敦化北路168號B2,25.08202,121.5897,C
7-11-台場店,台北市中正區林森南路12號,25.0481,121.5511,C
7-11-鹿鳴店,台北市中山區天津街65號,25.0152,121.5375,C
7-11-港興店,台北市大安區和平東路1段91號,25.0569,121.6056,C
7-11-瑞東店,台北市內湖區內湖路一段285巷65弄3號5號1樓,25.07999,121.5706,C
7-11-成美店,台北市中山區林森北路572號,25.05689,121.5847,C
7-11-大永店,台北市北投區中和街476號478號,25.08013,121.5509,C
7-11-萬和店,台北市內湖區瑞光路316巷56號1樓,25.02794,121.5003,C
7-11-新劍潭店,台北市中山區錦州街229號1樓,25.08435,121.5175,C
7-11-捷忠店,台北市中正區中山南路20號B1樓,25.04169,121.5791,C
7-11-延新店,台北市松山區光復北路11巷44號,25.05722,121.5663,C
7-11-忠陽店,台北市萬華區武昌街二段114之3號,25.05093,121.5941,C
7-11-福陽店,台北市北投區尊賢街247號,25.0853,121.5096,C
7-11-大埔店,台北市松山區東興路13之1號,25.03304,121.505,C
7-11-護專店,台北市士林區中正路324號,25.118,121.5223,C
7-11-鑫館店,台北市文山區羅斯福路六段20號22號,25.01257,121.5354,C
7-11-鑫寧店,台北市松山區南京東路五段334號336號1樓,25.05687,121.515,C
7-11-總站店,台北市中山區興安街112號一樓,25.02341,121.5695,C
7-11-建欣店,台北市中山區明水路397巷7弄25號1樓,25.05374,121.5373,C
7-11-喜悅店,台北市內湖區民權東路6段120巷7弄8號,25.0309,121.5434,C
7-11-明華店,台北市大安區古風里泰順街64號1樓,25.10952,121.5194,C
7-11-萬大店,台北市士林區中正路220號222號,25.02613,121.5007,C
7-11-新晴光店,台北市松山區健康路224號,25.06589,121.5242,C
7-11-金宴店,台北市內湖區金湖路405號1樓,25.0617,121.5381,C
7-11-芝玉店,台北市松山區延壽街422號,25.10768,121.5328,C
7-11-瑞湖店,台北市松山區南京東路5段15號1樓,25.07624,121.5755,C
7-11-首都店,台北市士林區天母東路88之1號1樓,25.05205,121.551,C
7-11-凱悅店,台北市信義區虎林街85號,25.03429,121.56,C
7-11-朝福店,台北市大安區和平東路二段118巷33號,25.05807,121.5632,C
7-11-吳興店,台北市文山區景華里景興路14號,25.02453,121.5634,C
7-11-天裕店,台北市信義區莊敬路325巷43號,25.12397,121.5327,C
7-11-影城店,台北市大安區仁愛路三段25-1號27號,25.05047,121.5644,C
7-11-新福玉店,台北市松山區八德路2段366巷7號1樓,25.04159,121.5878,C
7-11-瓏馬店,台北市北投區明德路87號89號1樓,25.07623,121.6217,C
7-11-春龍店,台北市萬華區西園路一段238號1之2樓,25.05478,121.5407,C
7-11-滬江店,台北市松山區民生東路四段130號,24.9906,121.5396,C
7-11-合旺店,台北市內湖區金龍路215號1樓,25.02849,121.5454,C
7-11-東鑫店,台北市文山區木新路三段327號,25.05834,121.5504,C
7-11-萬光店,台北市中正區汀州路三段129號,25.03116,121.5043,C
7-11-東復店,台北市士林區天母東路8巷39號1樓,25.05902,121.5463,C
7-11-勝權店,台北市內湖區東湖路45號,25.06236,121.5289,C
7-11-直安店,台北市內湖區港墘路46號48號1樓,25.08405,121.5492,C
7-11-汀州店,台北市大同區長安西路52之1號B1,25.02805,121.5095,C
7-11-康雲店,台北市大同區華陰街91號,25.07905,121.5944,C
7-11-凱立店,台北市大安區永康街2巷12號1樓,25.10586,121.5313,C
7-11-立農店,台北市萬華區西寧南路141號1樓2樓,25.11879,121.5028,C
7-11-萬美店,台北市信義區忠孝東路四段559巷6號,25.00195,121.5674,C
7-11-新育商店,台北市大安區敦化南路二段63巷7號1樓,25.049,121.555,C
7-11-國貿店,台北市松山區八德路四段321號,25.03423,121.561,C
7-11-慶吉店,台北市文山區興隆路三段42號,25.06565,121.5139,C
7-11-瑞富店,台北市士林區延平北路六段505號,25.07399,121.5761,C
7-11-合江店,台北市萬華區萬大路495號497號,25.05583,121.5391,C
7-11-南西店,台北市松山區三民路10號,25.05385,121.5138,C
7-11-興信鑫店,台北市中山區農安街178號,25.04472,121.5152,C
7-11-樂陽店,台北市松山區復興北路179號,25.07308,121.5776,C
7-11-樂湖店,台北市中正區廣州街10-2號10-3號10-4部分號1樓,25.06812,121.6162,C
7-11-京育店,台北市中正區思源街16號,25.05117,121.5537,C
7-11-金華店,台北市中正區中華路一段59之16號,25.02982,121.5284,C
7-11-吉仁店,台北市大同區長安西路271號1樓及273巷2號1樓,25.04599,121.5537,C
7-11-港環球店,台北市中山區錦州街263號,25.05182,121.6046,C
7-11-萬東店,台北市南港區南港路一段305號,25.02052,121.4958,C
7-11-銘傳店,台北市中山區北安路621巷48號,25.08607,121.5276,C
7-11-全球店,台北市中山區中山北路二段98號,25.06458,121.5835,C
7-11-悅來店,台北市信義區基隆路二段131-4號,25.06778,121.6124,C
7-11-世新大店,台北市松山區八德路四段697號1樓,24.98849,121.5425,C
7-11-誠安店,台北市信義區基隆路1段178號180號1樓,25.03878,121.55,C
7-11-台科一店,台北市大安區復興南路2段203號,25.01325,121.5411,C
7-11-鑫通店,台北市中正區延平南路177號,25.03356,121.5444,C
7-11-吉鑫店,台北市中正區汀州路一段285號一樓,25.05231,121.5285,C
7-11-小巨蛋店,台北市北投區大興街44號46號1樓,25.05079,121.5499,C
7-11-直福店,台北市萬華區昆明街285號之3之4,25.08232,121.5581,C
7-11-福瀛店,台北市士林區中正路639號1樓,25.12073,121.5054,C
7-11-京東店,台北市北投區中央南路一段114號,25.05132,121.5588,C
7-11-安松店,台北市松山區新東街41-7號,25.04289,121.5425,C
7-11-一零一店,台北市中山區合江街117號,25.03396,121.5645,C
7-11-豐基店,台北市大安區永康街43號,25.09482,121.5186,C
7-11-鑫港店,台北市松山區延壽街323號,25.08839,121.5206,C
7-11-東門店,台北市文山區樟新里木新路三段276號,25.033,121.5303,C
7-11-港運店,台北市內湖區星雲街17號,25.04886,121.582,C
7-11-台科三店,台北市內湖區紫陽里陽光街159號,25.01207,121.5409,C
7-11-東華店,台北市士林區德行西路52號1樓,25.11647,121.5179,C
7-11-民北店,台北市北投區石牌路二段179號1樓,25.05851,121.5474,C
7-11-天鑫店,台北市士林區中山北路6段18號20號1樓,25.11982,121.5269,C
7-11-福氣店,台北市大同區重慶北路3段309號,25.08857,121.5038,C
7-11-開源店,台北市文山區忠順街二段10號1樓,25.04727,121.5776,C
7-11-松鑽店,台北市松山區敦化北路199巷2弄9號1樓,25.04986,121.5767,C
7-11-鑫櫃店,台北市萬華區漢中街51號,25.05655,121.5333,C
7-11-鑫衡陽店,台北市文山區木柵路一段168號170號,25.04221,121.5138,C
7-11-開博店,台北市大安區忠孝東路3段248巷9號,25.0459,121.5123,C
7-11-洲子店,台北市中山區中原街121號,25.07926,121.569,C
7-11-長通店,台北市中正區金山南路1段108號,25.04856,121.5351,C
7-11-興隆店,台北市北投區知行路282號,25.0012,121.5503,C
7-11-復昌店,台北市中山區農安街28-2號,25.03227,121.5573,C
7-11-福讚店,台北市北投區石牌路2段301號,25.09529,121.5262,C
7-11-文學店,台北市中正區和平西路一段26號,25.13731,121.5416,C
7-11-林森北店,台北市萬華區環河南路二段207號,25.0585,121.5254,C
7-11-朱崙店,台北市北投區中央北路4段513號,25.04986,121.5436,C
7-11-天北店,台北市信義區福德街249號,25.11869,121.5275,C
7-11-站前店店,台北市文山區指南路3段8號10號,25.04613,121.5153,C
7-11-復安店,台北市文山區木柵路2段157號,25.05701,121.5461,C
7-11-政大店,台北市大安區和平東路三段230號,24.98781,121.5755,C
7-11-樂和店,台北市內湖區成功路二段252號,25.0274,121.5516,C
7-11-北府店,台北市中山區民權西路66號,25.02838,121.5682,C
7-11-芙蓉店,台北市萬華區華江里20鄰環河南路2段200號,25.03754,121.5385,C
7-11-榮星店,台北市大安區大安路2段102號,25.06491,121.5409,C
7-11-溫東店,台北市內湖區內湖路2段366號,25.02599,121.5338,C
7-11-鵬馳店,台北市中山區龍江路281-1號,25.05323,121.5898,C
7-11-欣隆昌店,台北市大安區師大路87號,25.02801,121.5567,C
7-11-上弘店,台北市中山區中山北路2段40-1號,25.05654,121.5485,C
7-11-中航店,台北市北投區崇仁路一段76號,25.04256,121.5226,C
7-11-天津店,台北市中山區林森北路262號,25.05173,121.5236,C
7-11-和金店,台北市中山區民生東路2段113號,25.02694,121.5257,C
7-11-西武店,台北市中山區長春路11號,25.08451,121.567,C
7-11-林安店,台北市中山區新生北路3段35號,25.065,121.5255,C
7-11-秀山店,台北市信義區新仁里東興路57號,25.14525,121.4952,C
7-11-瑞和店,台北市南港區忠孝東路六段276號,25.07619,121.5732,C
7-11-錦捷店,台北市士林區光華路26巷7-1號,25.06043,121.5324,C
7-11-國圖店,台北市中山區林森北路500號,25.03724,121.5169,C
7-11-京復店,台北市中正區忠孝東路1段138號,25.04961,121.5596,C
7-11-鑫樂昇店,台北市中山區錦州街21-2號,25.04509,121.5047,C
7-11-鐏賢店,台北市北投區石牌路一段126號,25.11769,121.5068,C
7-11-統威店,台北市中正區汀州路三段249號,25.05018,121.5655,C
7-11-福鑫店,台北市文山區木新路2段255號,25.09474,121.5225,C
7-11-新萬隆店,台北市大安區建國南路一段28號30號,25.00001,121.5394,C
7-11-新寶清店,台北市內湖區康寧路三段99巷14號,25.05109,121.5687,C
7-11-興復店,台北市松山區慈祐里八德路4段767號769號,25.0559,121.5431,C
7-11-永明店,台北市大安區忠孝東路4段101巷7號,25.07817,121.5488,C
7-11-欣福店,台北市文山區指南路二段149號,25.06775,121.5876,C
7-11-鑫泰店,台北市中山區建國北路一段136號,25.02222,121.5312,C
7-11-福榮店,台北市內湖區行善路35號1F,25.09552,121.5261,C
7-11-婦聯店,台北市文山區萬安街23號25號,25.05384,121.5611,C
7-11-權金店,台北市中山區八德路二段282號,25.07336,121.6044,C
7-11-延壽店,台北市萬華區桂林路160號,25.05622,121.5564,C
7-11-東光店,台北市士林區雨農路25號,25.05181,121.5579,C
7-11-三玉店,台北市大同區寧夏路71號,25.11796,121.5358,C
7-11-鑫吉店,台北市大安區辛亥路2段57號,25.04471,121.5773,C
7-11-龍淵店,台北市大安區建國南路二段151巷6之8號,25.02354,121.5429,C
7-11-景高店,台北市中正區忠孝東路二段130-2號130-3號,24.99788,121.5445,C
7-11-松智店,台北市士林區福國路94號,25.02911,121.5648,C
7-11-中廣店,台北市松山區民生東路5段65號,25.03859,121.5343,C
7-11-庫德店,台北市南港區研究院路一段99號1樓之14,25.04777,121.5461,C
7-11-德致店,台北市南港區忠孝東路6段448號,25.10897,121.5187,C
7-11-宏旭店,台北市大同區酒泉街58號60號,25.03481,121.4988,C
7-11-民復店,台北市中正區公園路13號,25.0581,121.5551,C
7-11-金碧店,台北市內湖區成功路4段30巷27號29號31號,25.08814,121.5872,C
7-11-文一店,台北市內湖區成功路5段420巷30號,24.98044,121.5564,C
7-11-軍總店,台北市大安區安和路二段74巷1號,25.01635,121.5306,C
7-11-天福店,台北市士林區德行西路96號,25.11635,121.5315,C
7-11-明湖店,台北市南港區重陽路164號,25.06891,121.6141,C
7-11-富港店,台北市內湖區洲子街46號,25.08206,121.578,C
7-11-鑫站店,台北市松山區復興南路1段43號,25.05007,121.5201,C
7-11-京站店,台北市內湖區瑞光路583巷27號1樓,25.04984,121.5176,C
7-11-恆安店,台北市文山區景文里景文街96號98號,25.0332,121.5292,C
7-11-西寧南店,台北市松山區復興北路35號,25.04405,121.5064,C
7-11-聯合店,台北市信義區松仁路213號,25.04189,121.5637,C
7-11-大敦店,台北市中山區長春路135號135之1號,25.03112,121.5496,C
7-11-寶德店,台北市北投區福興里承德路七段76號,25.04922,121.567,C
7-11-康喜店,台北市南港區研究院路三段234號,25.00033,121.5556,C
7-11-洲美店,台北市內湖區內湖路一段91巷2號,25.09326,121.4981,C
7-11-大華店,台北市松山區敦化南路1段5號,25.01997,121.4978,C
7-11-松民店,台北市大安區師大路59巷13號,25.0524,121.564,C
7-11-行天店,台北市松山區八德路2段439號,25.06455,121.5348,C
7-11-復春店,台北市中山區松江路65號,25.05424,121.5444,C
7-11-警廣店,台北市大安區安和路一段86號,25.03557,121.508,C
7-11-博源店,台北市大安區信義路三段33號,25.01427,121.5305,C
7-11-華慶店,台北市內湖區行愛路128號,25.04148,121.5084,C
7-11-塔城店,台北市中正區羅斯福路二段68號,25.05216,121.5107,C
7-11-鑫錦州店,台北市萬華區西寧南路16號,25.06038,121.5349,C
7-11-佳樂店,台北市大同區鄭州路3-2號,25.0544,121.6076,C
7-11-新大直店,台北市中山區吉林路365號367號,25.08284,121.5464,C
7-11-中錦店,台北市士林區格致路57號,25.0599,121.5227,C
7-11-昌隆店,台北市北投區石牌路2段80號82號,25.02802,121.5567,C
7-11-新饒河店,台北市松山區南京東路4段131號,25.05025,121.5766,C
7-11-必成店,台北市中山區北安路604號606號,25.04248,121.5649,C
7-11-科技站店,台北市大安區光復南路262號,25.0263,121.5437,C
7-11-新愛國店,台北市信義區忠孝東路五段524巷1弄1號,25.03449,121.5076,C
7-11-鑫泉州店,台北市中山區長春路168號,25.02636,121.5138,C
7-11-西安店,台北市中正區延平南路47號,25.13011,121.4994,C
7-11-廣明店,台北市大同區民生西路343號345號,25.03686,121.5037,C
7-11-社鑽店,台北市北投區光明路122號,25.08617,121.5082,C
7-11-大中店,台北市士林區中山北路7段14巷2-1號,25.13057,121.5011,C
7-11-征唐店,台北市大同區民生西路95號97號,25.06035,121.5656,C
7-11-錦合店,台北市北投區公館路31號,25.06034,121.5393,C
7-11-永康店,台北市北投區中央北路一段108號,25.03043,121.5296,C
7-11-鑫壽店,台北市大安區瑞安街182號,25.05671,121.5606,C
7-11-文新店,台北市中山區吉林路28號,24.98124,121.5581,C
7-11-星成店,台北市中正區羅斯福路3段82號,25.07813,121.5906,C
7-11-紫陽店,台北市士林區福林路191號,25.07501,121.5853,C
7-11-德天店,台北市大安區和平東路一段169號,25.10527,121.523,C
7-11-榮護店,台北市中山區林森北路411號,25.1186,121.5182,C
7-11-新忠誠店,台北市大安區忠孝東路3段1號(台北科技大學大川堂),25.10395,121.5267,C
7-11-哈蜜店,台北市大安區復興南路一段135巷5號,25.07395,121.514,C
7-11-文忠店,台北市內湖區康寧路三段26巷1號,24.98451,121.5624,C
7-11-長塑店,台北市北投區明德路114號,25.05543,121.55,C
7-11-捷盟店,台北市中山區大直街70號1樓,25.04405,121.5074,C
7-11-華興店,台北市大同區延平北路4段157號159號,24.98772,121.5522,C
7-11-懷生店,台北市中山區建國北路三段91號,25.04108,121.5414,C
7-11-原中店,台北市中正區信義路一段13-1號,25.06321,121.5291,C
7-11-金山店,台北市內湖區新明路425號427號,25.0355,121.5273,C
7-11-關渡店,台北市士林區士東路48號,25.12154,121.4675,C
7-11-農安店,台北市中正區南昌路2段173號,25.06582,121.5297,C
7-11-榮總店,台北市中山區長春路67號,25.12141,121.5228,C
7-11-晉江店,台北市大安區大安路一段43號,25.02661,121.5207,C
7-11-雙環店,台北市中正區寧波西街3號,25.03206,121.4916,C
7-11-一德店,台北市中山區龍江路384巷1號,25.12812,121.4685,C
7-11-留公店,台北市中山區錦州街8號,25.03881,121.586,C
7-11-添恩店,台北市內湖區行忠路30號,24.98514,121.5799,C
7-11-木柵店,台北市士林區中正路235巷14號,24.98912,121.5629,C
7-11-和安店,台北市萬華區東園街28巷58號,25.02221,121.5546,C
7-11-成功店,台北市大安區敦化南路一段233巷25號,25.06621,121.5904,C
7-11-金鑽店,台北市大安區延吉街72號,25.0626,121.5201,C
7-11-華江店,台北市士林區文昌路64號,25.03408,121.4931,C
7-11-豫銘店,台北市萬華區西園路一段153號B1(捷運龍山寺站B1),25.0308,121.5459,C
7-11-德成店,台北市萬華區峨嵋街111之2號之3號,25.08238,121.5909,C
7-11-錦龍店,台北市中山區中山北路三段23-6號,25.06016,121.5408,C
7-11-師大店,台北市大安區東豐街9號,25.02323,121.5285,C
7-11-長中店,台北市大安區信義路三段101號,25.05455,121.5225,C
7-11-奇岩店,台北市士林區中山北路7段14巷19號Ｂ1,25.12627,121.5015,C
7-11-晶華店,台北市中山區中山北路一段105巷13號,25.05467,121.5253,C
7-11-中福店,台北市中山區長安東路1段12號,25.05806,121.5316,C
7-11-長北店,台北市中正區忠孝西路一段50-1號(捷運地下街),25.05506,121.5237,C
7-11-稻江店,台北市萬華區西寧南路80號,25.06497,121.5281,C
7-11-道生店,台北市士林區至善路二段264號,25.04732,121.5665,C
7-11-雄強店,台北市內湖區內湖路1段737巷35號,25.0491,121.5891,C
7-11-華岡店,台北市松山區八德路3段27號,25.13689,121.5415,C
7-11-林森店,台北市北投區實踐街22號24號,25.06185,121.5255,C
7-11-華山店,台北市士林區格致路28號,25.04413,121.5254,C
7-11-曾德店,台北市士林區至誠路二段31號,25.0604,121.525,C
7-11-致遠店,台北市文山區興旺里福興路20號,25.1141,121.5125,C
7-11-統全店,台北市信義區惠安里吳興街520號,25.01367,121.5343,C
7-11-木新店,台北市松山區南京東路3段303巷5號,24.98305,121.5666,C
7-11-科建店,台北市大安區信義路四段32號,25.04434,121.5363,C
7-11-晏揚店,台北市松山區民權東路3段108號,25.0728,121.6108,C
7-11-松饒店,台北市文山區景行里羅斯福路6段391號,25.05103,121.5781,C
7-11-敦頂店,台北市南港區研究院路二段152號,25.04214,121.5482,C
7-11-金恩店,台北市內湖區成功路四段346號,24.98737,121.5772,C
7-11-新寶店,台北市信義區永吉路32號,25.051,121.5364,C
7-11-彩龍店,台北市內湖區星雲街136號,25.05683,121.5764,C
7-11-萬芳店,台北市大安區光復南路180巷12號,25.00096,121.5707,C
7-11-東崙店,台北市北投區文林北路98號100號,25.04692,121.5417,C
7-11-桂林店,台北市文山區仙岩路18號,25.0384,121.4977,C
7-11-福志店,台北市內湖區內湖路一段321號,25.09858,121.5323,C
7-11-靜中店,台北市內湖區金龍路5號1F,25.05849,121.5152,C
7-11-辛亥店,台北市北投區石牌路二段8號,25.02306,121.5372,C
7-11-建南店,台北市大同區昌吉街72號74號76號,25.02871,121.5384,C
7-11-統聯店,台北市大安區建國南路一段274號,25.04215,121.5319,C
7-11-福芝店,台北市大安區忠孝東路三段160號,25.10205,121.5223,C
7-11-東榮店,台北市大同區承德路一段22號,25.05865,121.5582,C
7-11-耀港店,台北市信義區景新里莊敬路178巷2號,25.05231,121.6163,C
7-11-昆陽店,台北市內湖區成功路三段201號1樓,25.05026,121.594,C
7-11-保聖店,台北市中山區圓山里中山北路3段57號,25.07185,121.5157,C
7-11-萬翔店,台北市北投區湖山路一段12號,25.0455,121.5174,C
7-11-德福店,台北市大安區樂業街71號73號,25.08226,121.5917,C
7-11-康醫店,台北市信義區嘉興街181巷21號,25.07542,121.6087,C
7-11-立仁店,台北市信義區永吉路278巷58弄2號,25.03002,121.5516,C
7-11-福溢店,台北市大同區鄭州路145號B1,25.10415,121.5213,C
7-11-慈愛店,台北市士林區基河路1號1樓(部份),25.05715,121.6009,C
7-11-德馨店,台北市大同區重慶北路2段60號,25.07905,121.5734,C
7-11-風復店,台北市文山區木新路三段54號56號,25.04566,121.5441,C
7-11-瑞寶店,台北市內湖區金湖路49號1樓,25.0809,121.568,C
7-11-景中店,台北市大安區敦南街38號,24.99028,121.5409,C
7-11-樂得店,台北市大安區忠孝東路三段217巷1弄2號,25.05006,121.5442,C
7-11-松仁店,台北市中山區長安東路一段53巷1之3號,25.02677,121.5685,C
7-11-春城店,台北市信義區吳興街346號348號,25.05496,121.5313,C
7-11-承啟店,台北市中正區福州街11-3號11-4號,25.11145,121.5108,C
7-11-華院店,台北市大同區太原路40號42號44號,25.03393,121.6106,C
7-11-馨瑩店,台北市中山區一江街11號13號,25.08473,121.5615,C
7-11-復旦店,台北市中正區信陽街2-1號,25.04712,121.5493,C
7-11-龍延店,台北市中正區杭州南路1段23號,25.02392,121.5294,C
7-11-清愿店,台北市北投區懷德街85號1樓,25.04837,121.547,C
7-11-長松店,台北市大安區基隆路3段85號,25.04908,121.5331,C
7-11-敦安店,台北市中山區松江路101號,25.03471,121.5524,C
7-11-大信店,台北市中山區德惠街15號1樓,25.03377,121.5347,C
7-11-行龍店,台北市內湖區康寧路三段63號65號67號,25.06389,121.5801,C
7-11-羅亭店,台北市文山區興光里興隆路3段173-175號,25.02735,121.5219,C
7-11-開寧店,台北市大安區敦化南路一段236巷13號,25.04654,121.5069,C
7-11-鄭州店,台北市中山區錦西街16號,25.04902,121.5157,C
7-11-吉安店,台北市內湖區康寧路三段165巷23弄1號,25.06496,121.5305,C
7-11-文大店,台北市信義區松山路455號,25.1379,121.5464,C
7-11-振華店,台北市信義區松德路200巷10號,25.11684,121.5163,C
7-11-東勢店,台北市大安區通化街26之8號,25.05183,121.555,C
7-11-欣旺店,台北市萬華區昆明街81號83號,25.08195,121.549,C
7-11-靜安店,台北市中山區復興北路352號,25.04022,121.5575,C
7-11-光東店,台北市中正區林森南路53號55號,25.04115,121.5795,C
7-11-莊福店,台北市文山區景興路113號115號,25.05459,121.5334,C
7-11-中樂店,台北市萬華區西寧南路50巷3號5號,25.04499,121.5105,C
7-11-迪化店,台北市大安區忠孝東路三段249號,25.05703,121.5112,C
7-11-光中店,台北市松山區八德路四段151號,25.13329,121.5018,C
7-11-天東店,台北市萬華區環河南路二段252號,25.11871,121.5312,C
7-11-仟發店,台北市大安區仁愛路四段27巷1號,25.0576,121.5193,C
7-11-公館店,台北市大安區和平東路2段63號1樓,25.1331,121.5031,C
7-11-薇閣店,台北市士林區天母東路50巷25號,25.13494,121.4996,C
7-11-瑞安店,台北市南港區東新街118巷1號,25.02855,121.5411,C
7-11-圓武店,台北市文山區興東里景華街130號,25.0516,121.5299,C
7-11-新羅福店,台北市大同區南京西路127號,25.02198,121.5264,C
7-11-新福林店,台北市大安區忠孝東路4段223巷42號,25.09697,121.5327,C
7-11-和泰店,台北市大安區杭州南路二段91號,25.02653,121.5318,C
7-11-京都店,台北市大安區辛亥路二段171巷8號,25.05976,121.5257,C
7-11-北科大店,台北市南港區東新街80巷1號,25.04223,121.5355,C
7-11-崇光店,台北市信義區吳興街252號,25.04273,121.5445,C
7-11-康寧店,台北市內湖區文德路6號1樓,25.07216,121.6079,C
7-11-明德店,台北市北投區富貴一路3號1樓,25.10992,121.5202,C
7-11-實踐大店,台北市信義區松仁路91-1號1樓,25.08582,121.5456,C
7-11-湧久店,台北市大同區民權西路157之1號1樓,25.07306,121.5114,C
7-11-榮鑫店,台北市士林區仰德大道三段68號70號,25.06569,121.5368,C
7-11-新紹南店,台北市內湖區瑞光路76巷59號1樓,25.03649,121.5227,C
7-11-新潭美店,台北市大安區安和路一段47號,25.05488,121.581,C
7-11-士東店,台北市中山區松江路208號,25.11191,121.5278,C
7-11-同昌店,台北市中正區三愛里連雲街81號,25.02556,121.5228,C
7-11-春森店,台北市中山區吉林路101號,25.05503,121.5265,C
7-11-頂東店,台北市北投區中庸里大業路715-717號,25.04345,121.5463,C
7-11-寧波店,台北市萬華區青年路144號,25.03153,121.5188,C
7-11-榮金店,台北市內湖區瑞光路580號,25.06688,121.5409,C
7-11-錦北店,台北市文山區景福街252號,25.06023,121.5235,C
7-11-華經店,台北市信義區信義路6段11號,25.06527,121.5776,C
7-11-福捷店,台北市士林區大南路322號,25.09475,121.5261,C
7-11-萬忠店,台北市文山區木柵路二段88號90號1樓,25.02613,121.4944,C
7-11-龍普店,台北市松山區塔悠路31號33號,25.04043,121.5507,C
7-11-吉忠店,台北市松山區八德路三段200號202號1樓,25.04251,121.5541,C
7-11-新文店,台北市南港區南港路一段167號1樓,25.09612,121.5213,C
7-11-萬運店,台北市南港區三重路23號1樓,25.03545,121.4996,C
7-11-新峨嵋店,台北市松山區南京東路五段139之4及139之8號,25.04434,121.5039,C
7-11-撫順店,台北市中正區信義路一段21-3號B1樓,25.06454,121.5226,C
7-11-豐安店,台北市中山區南京東路3段208號1樓,25.03611,121.5443,C
7-11-信中店,台北市信義區松山路608號610號,25.03368,121.5387,C
7-11-東洋店,台北市內湖區港墘路221巷41號1樓,25.1189,121.5324,C
7-11-崑崙店,台北市內湖區大湖山莊街219巷6號8號1樓,25.05084,121.5233,C
7-11-長津店,台北市文山區汀州路4段88號行政大樓1樓,25.04945,121.5229,C
7-11-捷戰店,台北市萬華區漢中街185號187號,25.04942,121.5148,C
7-11-新寧南店,台北市大同區承德路3段240號242號1樓,25.0425,121.5059,C
7-11-至善天店,台北市士林區重慶北路4段149號151號1樓,25.10044,121.5509,C
7-11-港鑫店,台北市士林區大南路400號402號1樓,25.07974,121.5787,C
7-11-中崙店,台北市士林區社中街320號322號1樓,25.04839,121.5527,C
7-11-富邦店,台北市大同區重慶北路三段260號1-2樓,25.11493,121.5081,C
7-11-草山店,台北市信義區基隆路1段141號1樓,25.13691,121.5465,C
7-11-至誠店,台北市北投區公館路165號1樓,25.10178,121.5293,C
7-11-北福興店,台北市北投區立德路125號1樓,25.0028,121.5514,C
7-11-惠安店,台北市北投區泉源路12-1號1樓,25.02216,121.5689,C
7-11-南京店,台北市大同區承德路三段60號60-1號,25.05248,121.5467,C
7-11-信興店,台北市中正區黎明里重慶南路一段1-1號一樓,25.03316,121.5447,C
7-11-民有店,台北市文山區木柵路1段139號,25.06194,121.545,C
7-11-羅捷店,台北市大安區忠孝東路4段216巷68號,24.99249,121.5408,C
7-11-庄研店,台北市萬華區武昌街二段57號1樓,25.03839,121.6169,C
7-11-成湖店,台北市大同區寧夏路131-1號,25.08485,121.5997,C
7-11-革新店,台北市中山區八德路二段314號,25.04562,121.5689,C
7-11-金雲店,台北市北投區中和街10號,25.07987,121.595,C
7-11-新國聯店,台北市中山區遼寧街110號1樓,25.0424,121.5569,C
7-11-新豪美店,台北市士林區延平北路六段350號,25.10564,121.5176,C
7-11-仙岩店,台北市內湖區陽光街383號,24.9987,121.5487,C
7-11-西湖店,台北市中山區伊通街30號1樓,25.08238,121.5679,C
7-11-金德店,台北市中正區八德路一段43巷2號,25.08445,121.595,C
7-11-石捷店,台北市中正區中山南路7號,25.11538,121.5155,C
7-11-大龍店,台北市中正區中華路二段307巷46號,25.0658,121.5158,C
7-11-花市店,台北市中正區中華路二段311巷1號,25.03641,121.5373,C
7-11-義村店,台北市中正區汀州路一段244號,25.04153,121.5382,C
7-11-承華店,台北市中正區汀州路二段216號,25.0505,121.5167,C
7-11-興貿店,台北市中正區汀州路二段38號,25.03115,121.561,C
7-11-紫新店,台北市中正區汀州路三段173號,25.08065,121.591,C
7-11-民美店,台北市中正區汀州路三段251號,25.06825,121.5231,C
7-11-擎天崗店,台北市中正區汀州路三段261號,25.15249,121.5475,C
7-11-樂安店,台北市中正區和平西路一段82號,25.02192,121.551,C
7-11-信嘉店,台北市中正區延平南路111號,25.02618,121.5575,C
7-11-信吉店,台北市中正區延平南路159號,25.04347,121.574,C
7-11-中興醫店,台北市中正區延平南路68號,25.05097,121.5093,C
7-11-新福慶店,台北市中正區忠孝西路一段100號,25.08627,121.5249,C
7-11-新慶陽店,台北市中正區忠孝西路一段47號,25.0557,121.5138,C
7-11-文儀店,台北市中正區杭州南路一段147號,24.9826,121.5641,C
7-11-清湖店,台北市中正區林森南路57號,25.08221,121.5967,C
7-11-教育大店,台北市中正區信陽街15號,25.02335,121.5465,C
7-11-佑安店,台北市中正區信義路一段1號,25.04246,121.5396,C
7-11-鑫長安店,台北市中正區南昌路一段135號,25.04915,121.5265,C
7-11-信醫店,台北市中正區南昌路一段67號,25.02584,121.5663,C
7-11-鑫國語店,台北市中正區南海路20號,25.02963,121.5198,C
7-11-鑫太原店,台北市中正區重慶南路一段58號,25.05042,121.5151,C
7-11-鑫東一店,台北市中正區許昌街26號,25.05117,121.5316,C
7-11-鑫公信店,台北市中正區貴陽街一段56號,25.04459,121.5168,C
7-11-鑫杭店,台北市中正區開封街一段41號,25.04241,121.5265,C
7-11-懷得店,台北市中正區廈門街52號,25.11407,121.5196,C
7-11-長星店,台北市中正區愛國東路112號,25.0178,121.5454,C
7-11-松運店,台北市中正區漢口街一段15號,25.05115,121.5333,C
7-11-鑫德惠店,台北市中正區館前路36號,25.06676,121.526,C
7-11-鑫碁泰店,台北市中正區濟南路一段321號,25.07237,121.6083,C
7-11-興芳店,台北市中正區濟南路二段3-7號,24.99642,121.5601,C
7-11-敦南店,台北市中正區襄陽路7號,25.04072,121.5474,C
7-11-新錦祥店,台北市中正區懷寧街7-1號,25.06027,121.5213,C
7-11-康明店,台北市中正區羅斯福路三段316巷8弄1號,25.0715,121.6122,C
7-11-新東宮店,台北市大同區大龍街133號,25.0398,121.578,C
7-11-信德店,台北市大同區大龍街217號,25.03483,121.5737,C
7-11-通化店,台北市大同區太原路81號,25.03151,121.5541,C
7-11-世運店,台北市大同區民生西路63號,25.04276,121.505,C
7-11-復錦店,台北市大同區民權西路146號,25.06011,121.544,C
7-11-台大店,台北市大同區延平北路二段260號,25.04017,121.5222,C
7-11-景興店,台北市大同區延平北路三段118號,24.99508,121.5449,C
7-11-昆寧店,台北市大同區延平北路三段25-3號,25.04438,121.5059,C
7-11-建忠店,台北市大同區延平北路四段19號,25.0418,121.5415,C
7-11-威京店,台北市大同區承德路二段41號1樓,25.04878,121.5626,C
7-11-華雙店,台北市大同區長安西路54號,25.03317,121.4917,C
7-11-仁安店,台北市大同區重慶北路二段263號,25.03866,121.5453,C
7-11-禾光店,台北市大同區重慶北路三段333號,25.02575,121.5386,C
7-11-天越店,台北市大同區庫倫街48-4號,25.11681,121.5333,C
7-11-聯坊店,台北市大同區寧夏路28號,25.04648,121.5883,C
7-11-景華店,台北市大同區歸綏街181-2號,24.99579,121.547,C
7-11-圓慶店,台北市大同區南京西路16號,25.05428,121.5146,C
7-11-仕吉店,台北市中山區一江街22號,25.0436,121.5531,C
7-11-瑞升店,台北市中山區大直街11號,25.0286,121.5219,C
7-11-敦親店,台北市中山區大直街33巷1號,25.02212,121.541,C
7-11-林坊店,台北市中山區中山北路一段58號,25.0463,121.5871,C
7-11-北醫店,台北市中山區中山北路二段137巷34號,25.02704,121.5631,C
7-11-鑫江南店,台北市中山區中山里中山北路二段59-3號,25.07853,121.5792,C
7-11-天富店,台北市中山區中原街101號,25.11372,121.5238,C
7-11-宏泰店,台北市中山區中原街16號,25.03684,121.5687,C
7-11-權鑫店,台北市中山區中原街27號,25.06316,121.5163,C
7-11-鑫仰德店,台北市中山區五常街53巷23號,25.11883,121.5529,C
7-11-日內瓦店,台北市中山區天津街47號,25.0702,121.5803,C
7-11-欣安和店,台北市中山區北安路387號,25.03863,121.551,C
7-11-松鑫店,台北市中山區北安路458巷47弄13號,25.05784,121.5329,C
7-11-新雲店,台北市中山區北安路630巷7號,25.03432,121.5302,C
7-11-大吉店,台北市中山區北安路819-1號,25.05618,121.5303,C
7-11-雙全店,台北市中山區四平街47號,25.13722,121.501,C
7-11-鑫青天店,台北市中山區民生西路29號,25.02158,121.5024,C
7-11-瑞鑫店,台北市中山區民生東路一段27巷15號,25.0801,121.5664,C
7-11-景捷店,台北市中山區民生東路一段36號,24.99338,121.5402,C
7-11-嘉馥店,台北市中山區民生東路一段39號,25.03416,121.5752,C
7-11-豫鋒店,台北市中山區民生東路一段41號,25.08896,121.5183,C
7-11-新安康店,台北市中山區民族東路410巷23弄24號,24.98859,121.5599,C
7-11-松禾店,台北市中山區民族東路410巷24號,25.05063,121.5715,C
7-11-新復勢店,台北市中山區民權東路二段152巷14號,25.04799,121.5566,C
7-11-香城店,台北市中山區民權東路三段64號,25.0551,121.6133,C
7-11-馥樺店,台北市中山區伊通街108號,25.05918,121.6141,C
7-11-京發店,台北市中山區伊通街39號,25.05168,121.5616,C
7-11-中華電店,台北市中山區伊通街58號,25.03651,121.5233,C
7-11-威克店,台北市中山區吉林路314號,25.05167,121.5432,C
7-11-松家店,台北市中山區吉林路448號,25.03581,121.5785,C
7-11-大眾店,台北市中山區合江街87號,25.07325,121.5751,C
7-11-長鴻店,台北市中山區朱崙街67號,25.08835,121.5994,C
7-11-台師大店,台北市中山區明水路581巷11號,25.00812,121.536,C
7-11-漢中店,台北市中山區林森北路107巷54號,25.04114,121.5068,C
7-11-德倫店,台北市中山區林森北路109號,25.07254,121.5186,C
7-11-福順店,台北市中山區林森北路119巷51號,25.08415,121.512,C
7-11-福通店,台北市中山區林森北路149-1號,25.08954,121.5159,C
7-11-社中店,台北市中山區林森北路308號,25.09234,121.5052,C
7-11-酒泉店,台北市中山區林森北路399巷10號,25.07141,121.5135,C
7-11-松高店,台北市中山區林森北路428號,25.04299,121.566,C
7-11-清江店,台北市中山區林森北路630號,25.12901,121.5067,C
7-11-和信醫店,台北市中山區松江路24-1號,25.12773,121.472,C
7-11-春天店,台北市中山區松江路330巷33號,25.13711,121.5043,C
7-11-昌吉店,台北市中山區長安東路一段55號,25.06533,121.5181,C
7-11-鑫大孝店,台北市中山區長安東路二段216號,25.04705,121.5134,C
7-11-試院店,台北市中山區長春路100號,24.98764,121.5503,C
7-11-鳳翔店,台北市中山區長春路48號,25.03813,121.5529,C
7-11-鑫武昌店,台北市中山區南京東路二段26號,25.04478,121.5072,C
7-11-篷萊店,台北市中山區南京東路三段118號,25.06078,121.5145,C
7-11-潤泰店,台北市中山區南京東路三段65號,25.04718,121.5428,C
7-11-和業店,台北市中山區建國北路三段111號,25.13757,121.5034,C
7-11-元大店,台北市中山區恆安里農安街26-3號,25.05255,121.5419,C
7-11-聚鑫店,台北市中山區通北街111號,25.0907,121.5012,C
7-11-匯陽店,台北市中山區復興北路514巷35號,25.07274,121.5764,C
7-11-伊東店,台北市中山區復興南路一段38號,25.05087,121.5347,C
全家新德店,台北市中山區新生北路一段112號,25.04439,121.5316,C
全家台醫店,台北市中山區新生北路一段116號,25.04027,121.5192,C
全家新惠安店,台北市中山區新生北路二段62巷38-3號,25.02941,121.5064,C
全家南機場店,台北市中山區農安街160號,25.0284,121.5057,C
全家新龍口店,台北市中山區農安街249號,25.02724,121.5103,C
全家金門店,台北市中山區農安街4-1號,25.02233,121.5238,C
全家新廈門店,台北市中山區農安街82號,25.0253,121.5176,C
全家文盛店,台北市中山區農安街86號,25.01504,121.5325,C
全家公館店,台北市中山區德惠街16-1號,25.01364,121.5344,C
全家水源店,台北市中山區德惠街16號,25.01284,121.5352,C
全家和鄰店,台北市中山區德惠街173號,25.02635,121.5187,C
全家寶慶店,台北市中山區德惠街34-2號,25.04182,121.5096,C
全家和醫店,台北市中山區撫順街12-2號,25.0353,121.5077,C
全家郡王店,台北市中山區樂群二路142號,25.04505,121.5103,C
全家鴻啟店,台北市中山區樂群二路186號,25.04713,121.5126,C
全家北捷店,台北市中山區興安街57號,25.04639,121.5174,C
全家文祥店,台北市中山區錦州街215號,25.03596,121.5246,C
全家林森南路店,台北市中山區錦州街427號,25.03989,121.5221,C
全家南陽店,台北市中山區錦州街428號,25.04474,121.5162,C
全家新東門店,台北市中山區錦西街8號,25.03823,121.5193,C
全家金昌店,台北市中山區龍江路201號,25.02966,121.5185,C
全家大昌店,台北市中山區龍江路352號,25.03104,121.5175,C
全家南海店,台北市中山區龍江路356巷72號,25.03252,121.5171,C
全家重慶店,台北市中山區龍江路95號,25.0439,121.5131,C
全家摩天店,台北市中山區雙城街12-1號,25.04544,121.5164,C
全家東大二店,台北市中山區雙城街19巷2號,25.03887,121.5099,C
全家開封店,台北市中山區雙城街2-2號,25.04613,121.5126,C
全家廈門店,台北市松山區八德路二段400號,25.02528,121.5173,C
全家大孝店,台北市松山區八德路三段106巷60號,25.03265,121.5214,C
全家漢盛店,台北市松山區八德路三段74巷43號,25.04528,121.5144,C
全家新仟囍店,台北市松山區八德路四段245巷32弄67號,25.04448,121.5149,C
全家新北商店,台北市松山區八德路四段40號,25.0419,121.5257,C
全家齊東店,台北市松山區八德路四段598號,25.04161,121.5266,C
全家富陽店,台北市松山區八德路四段758號,25.04347,121.5159,C
全家西站店,台北市松山區三民路148號,25.04624,121.5143,C
全家館中店,台北市松山區三民路6號,25.01579,121.5326,C
全家大龍店,台北市松山區五常街364號,25.06741,121.516,C
全家蘭州店,台北市松山區市民大道四段51號,25.07058,121.516,C
全家泰元店,台北市松山區民生東路三段113巷6弄1號,25.05189,121.5157,C
全家萬全店,台北市松山區民生東路三段130巷5弄22號,25.05774,121.5201,C
全家福澤店,台北市松山區民生東路三段130巷5弄2號,25.06275,121.5158,C
全家永樂店,台北市松山區民生東路五段197號,25.06047,121.5113,C
全家國順店,台北市松山區民生東路五段37號,25.06729,121.5108,C
全家新橋店,台北市松山區民生東路四段80巷3號,25.06438,121.5114,C
全家明真店,台北市松山區民生東路四段95號,25.06936,121.511,C
全家日新店,台北市松山區民權東路三段103巷15-1號,25.05504,121.5184,C
全家福安店,台北市松山區民權東路三段106巷11號,25.05014,121.5199,C
全家慶權店,台北市松山區民權東路三段160巷11號,25.06274,121.5138,C
全家保生店,台北市松山區民權東路三段160巷9號,25.07452,121.5141,C
全家酒泉店,台北市松山區民權東路四段121號,25.07184,121.5184,C
全家寧夏店,台北市松山區光復北路11巷50號,25.05587,121.5151,C
全家甘州店,台北市松山區光復南路32巷46-4號,25.05827,121.513,C
全家金慶店,台北市松山區吉祥路19號,25.05243,121.5205,C
全家京江店,台北市松山區延壽街2號,25.05263,121.5314,C
全家直學店,台北市松山區延壽街330巷7弄22號,25.08078,121.5465,C
全家大直店,台北市松山區長安東路二段219號,25.08216,121.5466,C
全家市民店,台北市松山區南京東路三段258號,25.04853,121.5206,C
全家聚葉店,台北市松山區南京東路五段123巷1-8號,25.06161,121.5251,C
全家中賓店,台北市松山區南京東路五段291巷14號,25.05602,121.523,C
全家錦原店,台北市松山區南京東路五段291巷17-2號,25.06093,121.529,C
全家新吉原店,台北市松山區南京東路五段291巷8-1號,25.05652,121.5288,C
全家錦源店,台北市松山區南京東路五段66巷2弄1-1號,25.05638,121.5289,C
全家五常店,台北市松山區南京東路四段133巷9弄2號,25.06548,121.5397,C
全家日津店,台北市松山區健康路158號,25.05015,121.5231,C
全家空總店,台北市松山區健康路220號,25.07965,121.5403,C
全家北鄰店,台北市松山區富錦街529號,25.07824,121.5457,C
全家永安店,台北市松山區敦化北路120巷80號,25.08286,121.5495,C
全家美華店,台北市松山區敦化北路155巷3號,25.08498,121.5562,C
全家松平店,台北市松山區敦化北路340號,25.05382,121.5323,C
全家馬偕店,台北市松山區敦化北路4巷1號,25.05786,121.5212,C
全家玉林店,台北市松山區塔悠路19號,25.05869,121.5251,C
全家福泰店,台北市松山區新東街14號,25.05787,121.5243,C
全家鑫泰店,台北市松山區慶城街8號,25.05821,121.5259,C
全家新泰店,台北市信義區松山路11號,25.05821,121.5259,C
全家民族店,台北市大安區大安路一段20號,25.06674,121.5396,C
全家榮濱店,台北市大安區仁愛路四段112巷5號,25.0655,121.5382,C
全家錦民店,台北市大安區仁愛路四段151巷34號,25.06117,121.535,C
全家江寧店,台北市大安區仁愛路四段266巷15弄10號,25.06214,121.5427,C
全家長通店,台北市大安區仁愛路四段27巷43號,25.05414,121.5347,C
全家大通店,台北市大安區仁愛路四段300巷11-1號,25.05071,121.5349,C
全家金通店,台北市大安區仁愛路四段48巷6號,25.05152,121.5346,C
全家吉林店,台北市大安區文昌街142號,25.06217,121.5301,C
全家德惠店,台北市大安區四維路154巷1號,25.06671,121.5302,C
全家合江店,台北市大安區四維路170巷4號,25.05924,121.5393,C
全家朱崙店,台北市大安區光復南路116巷26號,25.05006,121.5424,C
全家明水店,台北市大安區光復南路418號,25.08014,121.5512,C
全家長林店,台北市大安區安和路一段112巷27號,25.04982,121.5268,C
全家金林店,台北市大安區安和路二段10巷10號,25.05041,121.5251,C
全家林森北路店,台北市大安區安居街76號,25.05043,121.5267,C
全家復林店,台北市大安區辛亥路二段171巷3號,25.05148,121.5254,C
全家金漾店,台北市大安區辛亥路三段330號,25.05611,121.5252,C
全家錦林店,台北市大安區和平東路二段102-3號,25.05919,121.5259,C
全家錦富店,台北市大安區和平東路二段22號,25.05999,121.5254,C
全家新林森店,台北市大安區和平東路二段261號,25.06756,121.5256,C
全家光華店,台北市大安區和平東路二段311巷32號,25.04698,121.5328,C
全家新松店,台北市大安區和平東路三段58號,25.06128,121.5317,C
全家正義店,台北市大安區延吉街130號,25.04878,121.5266,C
全家遼寧店,台北市大安區延吉街135號,25.04817,121.5424,C
全家欣欣店,台北市大安區延吉街158號,25.05478,121.5279,C
全家長春店,台北市大安區忠孝東路三段1號,25.05482,121.5258,C
全家興亞店,台北市大安區忠孝東路三段217巷2弄1號,25.05186,121.5291,C
全家南京店,台北市大安區忠孝東路四段170巷6弄2號,25.05169,121.5403,C
全家京貿店,台北市大安區忠孝東路四段216巷31號,25.05225,121.5384,C
全家濱江店,台北市大安區信義路二段198巷6號,25.06644,121.5361,C
全家新農店,台北市大安區信義路三段134巷2號,25.06479,121.5259,C
全家新衡山店,台北市大安區信義路四段1之10號,25.08374,121.538,C
全家新復店,台北市大安區信義路四段265巷8號,25.06606,121.5427,C
全家興德店,台北市大安區信義路四段88號,25.04543,121.5436,C
全家新生店,台北市大安區建國南路一段158號,25.05053,121.5278,C
全家鑫通店,台北市大安區建國南路一段81號,25.05059,121.5278,C
全家美林店,台北市大安區建國南路二段151巷38號,25.05615,121.5259,C
全家松農店,台北市大安區師大路79號,25.06465,121.534,C
全家農安店,台北市大安區基隆路四段43號,25.06481,121.5349,C
全家新晴店,台北市大安區通化街168號,25.06484,121.5231,C
全家稻江店,台北市大安區通安街77號,25.06476,121.5291,C
全家新稻江店,台北市大安區復興南路一段200號,25.06474,121.5293,C
全家德城店,台北市大安區復興南路一段217號,25.0666,121.5241,C
全家德城店,台北市大安區復興南路一段70號,25.06661,121.5248,C
全家德林店,台北市大安區復興南路二段10號,25.06665,121.5319,C
全家光輝店,台北市大安區復興南路二段153號,25.06655,121.5265,C
全家撫順店,台北市大安區敦化南路一段161巷7號,25.06349,121.5209,C
全家美麗店,台北市大安區敦化南路一段190巷7號,25.07981,121.5569,C
全家樂群店,台北市大安區敦化南路二段200巷16號,25.07956,121.5584,C
全家興安店,台北市大安區敦化南路二段261號,25.05623,121.5424,C
全家錦江店,台北市大安區新生南路一段163號,25.06049,121.5321,C
全家新北大店,台北市大安區新生南路三段84-8號,25.06031,121.5425,C
全家北大店,台北市大安區瑞安街135巷28號,25.06008,121.5425,C
全家錦西店,台北市大安區瑞安街274號,25.06024,121.5218,C
全家中興店,台北市大安區濟南路三段17號,25.05628,121.5407,C
全家榮星店,台北市大安區濟南路三段7號,25.06586,121.5409,C
全家鑫豐店,台北市大安區羅斯福路二段103號,25.06589,121.538,C
全家新南京店,台北市大安區羅斯福路二段17號,25.05185,121.5404,C
全家雙城店,台北市大安區羅斯福路三段269巷2號,25.06782,121.5252,C
全家金磚店,台北市大安區羅斯福路四段113巷29號,25.06537,121.5244,C
全家雙林店,台北市大安區羅斯福路四段1號,25.06534,121.524,C
全家鑫德店,台北市大安區羅斯福路四段1號,25.04802,121.5466,C
全家德光店,台北市大安區羅斯福路四段85號,25.04637,121.5541,C
全家中崙店,台北市萬華區民和街9號,25.04627,121.5526,C
全家大吉店,台北市萬華區西園路一段246號,25.04976,121.5626,C
全家復盛店,台北市萬華區西園路二段140巷42號,25.0482,121.5593,C
全家寶清店,台北市萬華區西寧南路155號,25.04982,121.5725,C
全家信大店,台北市萬華區和平西路三段290-5號,25.04998,121.5788,C
全家三富店,台北市萬華區昆明街134號,25.06108,121.5633,C
全家京民店,台北市萬華區昆明街186號,25.05218,121.5639,C
全家常興店,台北市萬華區東園街12號,25.06429,121.5449,C
全家微風店,台北市萬華區東園街174號,25.04534,121.5461,C
全家豐華店,台北市萬華區東園街69之171號,25.05866,121.546,C
全家豐興店,台北市萬華區青年路154號,25.05692,121.5472,C
全家豐禾店,台北市萬華區青年路48號,25.05692,121.5463,C
全家昇東店,台北市萬華區青年路6號,25.05937,121.5662,C
全家東豐店,台北市萬華區峨眉街82號,25.05855,121.5569,C
全家民復店,台北市萬華區峨嵋街21號,25.05735,121.5531,C
全家中央店,台北市萬華區桂林路23號,25.05821,121.552,C
全家興北店,台北市萬華區康定路73號,25.06352,121.5451,C
全家北權店,台北市萬華區貴陽街二段182號,25.06024,121.545,C
全家新民有店,台北市萬華區萬大路486巷39號,25.06067,121.5478,C
全家民有店,台北市萬華區萬大路493巷48弄23-4號,25.06075,121.5479,C
全家松指部店,台北市萬華區壽德里長泰街2號,25.06375,121.5587,C
全家大理店,台北市萬華區漢中街139號,25.04984,121.56,C
全家新德光店,台北市萬華區廣州街237號,25.04627,121.5543,C
全家新大吉店,台北市萬華區興義街41號,25.04938,121.5627,C
全家塔悠店,台北市萬華區興義街6號,25.0572,121.5691,C
全家松壽店,台北市萬華區環河南路二段173號,25.05535,121.5621,C
全家長復店,台北市萬華區環河南路二段298號,25.04833,121.5448,C
全家力晶店,台北市萬華區寶興街40號,25.05161,121.5448,C
全家東光店,台北市萬華區寶興街78號,25.05202,121.5607,C
全家新東寶店,台北市信義區大道路79號,25.05231,121.5661,C
全家東寶店,台北市信義區中坡南路229號,25.05234,121.5663,C
全家東清店,台北市信義區中坡南路38號,25.05209,121.5661,C
全家大盛店,台北市信義區市府路45號,25.05083,121.5606,C
全家新健康店,台北市信義區永吉路223號,25.05324,121.5552,C
全家松醫店,台北市信義區光復南路447-2號,25.05346,121.5575,C
全家康柏店,台北市信義區光復南路505號,25.05386,121.5608,C
全家富錦店,台北市信義區吳興街263號,25.06128,121.5655,C
全家長城店,台北市信義區吳興街334號,25.05437,121.5463,C
全家宏大店,台北市信義區吳興街52號,25.0542,121.5498,C
全家松航店,台北市信義區吳興街7號,25.06198,121.552,C
全家敦中店,台北市信義區和平東路三段387號,25.05006,121.5474,C
全家松旺店,台北市信義區忠孝東路五段425號,25.0504,121.572,C
全家新東店,台北市信義區忠孝東路五段472號,25.05784,121.5662,C
全家慶城店,台北市信義區忠孝東路五段71巷8號,25.05272,121.5449,C
全家崧捷店,台北市信義區忠孝東路五段71巷9號,25.04919,121.5783,C
全家大安店,台北市信義區忠孝東路四段553巷6弄17號,25.0441,121.5461,C
全家敦新店,台北市信義區林口街116號,25.03697,121.5497,C
全家明曜店,台北市信義區松山路107號,25.04028,121.5518,C
全家國泰店,台北市信義區松山路153號,25.03655,121.5535,C
全家忠愛店,台北市信義區松山路281號,25.04107,121.5453,C
全家吉泰店,台北市信義區松仁路238號,25.03691,121.5546,C
全家仁慈店,台北市信義區松信路145號,25.03707,121.547,C
全家通昌店,台北市信義區松隆路329巷8號,25.0325,121.5531,C
全家四維店,台北市信義區松壽路24號,25.03107,121.5478,C
全家安賢店,台北市信義區松德路200巷13號,25.0281,121.5478,C
全家華視店,台北市信義區松德路283號,25.04294,121.5564,C
全家光新店,台北市信義區松德路289號,25.03654,121.5573,C
全家敦安店,台北市信義區虎林街120巷165號,25.03404,121.5504,C
全家東方店,台北市信義區虎林街132巷81號,25.0325,121.5517,C
全家安居店,台北市信義區虎林街166號,25.01966,121.5533,C
全家辛亥店,台北市信義區虎林街222巷79號,25.02195,121.5412,C
全家二繽店,台北市信義區虎林街61-4號,25.01376,121.553,C
全家和東店,台北市信義區虎林街69號,25.02497,121.5418,C
全家和新店,台北市信義區虎林街82巷23號,25.02562,121.5363,C
全家和復店,台北市信義區信義路五段150巷221號,25.02501,121.5439,C
全家成功店,台北市信義區信義路五段150巷401弄31號,25.02557,121.5451,C
全家和茂店,台北市信義區信義路五段5號,25.02444,121.5482,C
全家延安二店,台北市信義區信義路五段7號,25.04013,121.5547,C
全家延孝店,台北市信義區信義路六段78號,25.04233,121.5544,C
全家延安店,台北市信義區信義路四段407號,25.03953,121.5549,C
全家北科大店,台北市信義區基隆路一段147巷7號,25.04208,121.5383,C
全家昌隆店,台北市信義區崇德街29號,25.0424,121.5398,C
全家龍普店,台北市信義區莊敬路307號,25.04083,121.5506,C
全家延吉店,台北市信義區莊敬路374號,25.0396,121.5531,C
全家福康店,台北市士林區士東路266巷5弄16號,25.033,121.5303,C
全家信美店,台北市士林區士東路86號,25.03306,121.5393,C
全家義興店,台北市士林區大南路231號,25.03356,121.544,C
全家義和店,台北市士林區大南路52號,25.03372,121.5542,C
全家義安店,台北市士林區中山北路五段697號,25.03298,121.5476,C
全家建南店,台北市士林區中山北路六段726號,25.04123,121.5368,C
全家北科店,台北市士林區中正路253號,25.04302,121.5371,C
全家建國店,台北市士林區中正路329號,25.02867,121.5393,C
全家師大店,台北市士林區中正路503號,25.02336,121.5285,C
全家台科大店,台北市士林區天母西路40-1號,25.01325,121.5411,C
全家樂利店,台北市士林區天母西路40-2號,25.02832,121.5536,C
全家通和店,台北市士林區天母東路36號,25.03038,121.5533,C
全家興忠店,台北市士林區天母東路69巷11-9號,25.0397,121.5434,C
全家興仁店,台北市士林區天母東路83號,25.03916,121.544,C
全家懷生店,台北市士林區文林路320號,25.04414,121.5436,C
全家興和店,台北市士林區光華路26巷3號,25.03286,121.5434,C
全家興和店,台北市士林區至善路二段268號,25.02829,121.5437,C
全家新敦民店,台北市士林區至善路二段34號,25.04364,121.5497,C
全家忠孝店,台北市士林區和豐街2號,25.04274,121.5482,C
全家新遠企店,台北市士林區延平北路五段283-1號,25.02281,121.5477,C
全家新遠企店,台北市士林區忠誠路二段168號,25.02562,121.5492,C
全家新生南路店,台北市士林區忠誠路二段50巷10號,25.03432,121.533,C
全家台新店,台北市士林區社子街27號,25.01883,121.5334,C
全家瑞和店,台北市士林區社中街386號,25.0265,121.5417,C
全家新安店,台北市士林區前港街126號,25.02621,121.5391,C
全家濟南店,台北市士林區前港街39號,25.04029,121.5344,C
全家濟南二店,台北市士林區美崙街118號,25.04027,121.5336,C
全家古亭店,台北市士林區重慶北路四段184號,25.02468,121.5245,C
全家羅中店,台北市士林區重慶北路四段188號,25.02811,121.5219,C
全家羅騰店,台北市士林區格致路22號,25.01899,121.5308,C
全家羅翔店,台北市士林區通河街145號,25.01124,121.5408,C
全家台福店,台北市士林區華岡路55號,25.0152,121.5375,C
全家台福店,台北市士林區華榮街97號,25.0152,121.5375,C
全家台大二活店,台北市士林區福林里中正路233號,25.01305,121.5368,C
全家民和店,台北市士林區福港街158-1號,25.02626,121.4999,C
全家龍山店,台北市士林區福港街28號,25.03446,121.4986,C
全家金園店,台北市士林區德行東路109巷3號,25.03131,121.4952,C
全家萬年店,台北市士林區德行東路109巷75號,25.04353,121.5063,C
全家和西店,台北市士林區德行東路330號,25.0351,121.4946,C
全家成都店,台北市士林區臨溪路70號,25.04291,121.5047,C
全家昆明店,台北市北投區三合街二段487號,25.04142,121.5044,C
全家吉利店,台北市北投區大業路452巷31號,25.02775,121.4955,C
全家萬東店,台北市北投區大興街22號,25.02237,121.4981,C
全家東園店,台北市北投區中央北路二段97號,25.02606,121.4965,C
全家日祥店,台北市北投區中央北路三段2號,25.02114,121.5023,C
全家公園店,台北市北投區中和街328號,25.02551,121.5041,C
全家新青年店,台北市北投區中和街489號,25.02618,121.5062,C
全家新峨嵋店,台北市北投區公館路230號,25.04412,121.5041,C
全家萬國店,台北市北投區公館路259號,25.04353,121.5074,C
全家桂林店,台北市北投區永興路一段1號,25.03796,121.5051,C
全家康定店,台北市北投區石牌里明德路93號,25.04065,121.5022,C
全家貴陽店,台北市北投區石牌路一段166巷93號,25.04011,121.5006,C
全家武成店,台北市北投區石牌路二段201號,25.02022,121.4964,C
全家富民店,台北市北投區立農街二段155號,25.01929,121.4993,C
全家長泰店,台北市北投區光明路218-1號,25.02315,121.5014,C
全家漢中店,台北市北投區光明路23號,25.0417,121.5074,C
全家廣州店,台北市北投區吉利街114號,25.03682,121.4985,C
全家新興義店,台北市北投區自強街88號,25.02652,121.4918,C
全家興義店,台北市北投區行義路33號,25.02668,121.4917,C
全家綠堤店,台北市北投區西安街一段283號,25.03288,121.4924,C
全家環南店,台北市北投區西安街二段283號,25.03156,121.4907,C
全家寶元店,台北市北投區承德路七段290號,25.02724,121.4933,C
全家寶興店,台北市北投區承德路七段400號,25.02608,121.4942,C
全家大道店,台北市北投區東華街二段88號,25.04077,121.5826,C
全家新中坡店,台北市北投區知行路237號,25.04062,121.5851,C
全家協和店,台北市北投區振華街2號,25.04282,121.5834,C
全家金融店,台北市北投區清江路1號,25.03349,121.5641,C
全家永吉二店,台北市北投區尊賢街260號,25.04571,121.5741,C
全家光復南路店,台北市北投區開明里中和街252號,25.03517,121.5577,C
全家復昌店,台北市北投區實踐街51號,25.03207,121.5576,C
全家北醫店,台北市內湖區內湖路一段285巷19號,25.02709,121.5638,C
全家盛興店,台北市內湖區內湖路一段593號,25.02618,121.566,C
全家三興店,台北市內湖區內湖路一段737巷49號,25.03095,121.5603,C
全家三興店,台北市內湖區內湖路二段103巷104號,25.03178,121.5595,C
全家六張黎店,台北市內湖區文湖街59號,25.01985,121.5576,C
全家忠信店,台北市內湖區文德路212號,25.04111,121.5755,C
全家永信店,台北市內湖區文德路22巷25號,25.04064,121.577,C
全家新忠隆店,台北市內湖區文德路90巷49號,25.04191,121.5672,C
全家忠隆店,台北市內湖區民權東路六段162號,25.04192,121.5675,C
全家聯合店,台北市內湖區民權東路六段90巷1號,25.04237,121.5635,C
全家松三店,台北市內湖區石潭路67號,25.03994,121.5803,C
全家松興店,台北市內湖區安康路480號,25.0478,121.578,C
全家松盛店,台北市內湖區成功路二段325號,25.04652,121.578,C
全家欣松春店,台北市內湖區成功路二段325號,25.04314,121.578,C
全家安興店,台北市內湖區成功路二段420號,25.02487,121.5692,C
全家永孝店,台北市內湖區行善路289號,25.04354,121.5722,C
全家松站店,台北市內湖區東湖路43巷4號,25.04856,121.5793,C
全家建鑫店,台北市內湖區金龍路224號,25.03572,121.5676,C
全家信安店,台北市內湖區星雲街161巷1號,25.03444,121.5736,C
全家新信德店,台北市內湖區康寧路三段75巷137號,25.03244,121.5747,C
全家信德店,台北市內湖區康樂街87號,25.03222,121.5747,C
全家欣富台店,台北市內湖區堤頂大道二段241號,25.04224,121.5742,C
全家海華店,台北市內湖區堤頂大道二段407巷26號,25.04025,121.5741,C
全家忠林店,台北市內湖區港墘里瑞光路513巷39號,25.03907,121.5764,C
全家興雅店,台北市內湖區港墘路44號,25.03602,121.5753,C
全家新松林店,台北市內湖區新明路182號,25.04629,121.5771,C
全家松林店,台北市內湖區新湖二路250巷8號,25.04586,121.5772,C
全家永林店,台北市內湖區瑞光路510號,25.04344,121.5762,C
全家松仁店,台北市內湖區環山路一段110號,25.02841,121.5688,C
全家祥和店,台北市內湖區環山路一段33號,25.02409,121.5704,C
全家外貿店,台北市內湖區環山路一段5號,25.03326,121.5623,C
全家101店,台北市內湖區麗山街348巷10弄2號,25.03396,121.5645,C
全家松友店,台北市南港區三重路19-4號,25.03526,121.577,C
全家新貿店,台北市南港區三重路19-7號,25.03331,121.5589,C
全家永隆店,台北市南港區三重路66-2號,25.04252,121.5662,C
全家崇德店,台北市南港區中坡南路15號,25.02437,121.5538,C
全家莊新店,台北市南港區玉成街176巷1號,25.02845,121.5634,C
全家莊敬店,台北市南港區昆陽街145號,25.02757,121.5649,C
全家芝玉店,台北市南港區南港路三段2號,25.11239,121.5375,C
全家士誠店,台北市南港區研究院路二段70巷1號,25.112,121.5288,C
全家華港店,台北市南港區研究院路三段245號,25.08838,121.5209,C
全家大南店,台北市南港區重陽路16號,25.08945,121.5249,C
全家士林店,台北市南港區重陽路185號,25.09756,121.5272,C
全家榮富店,台北市南港區富康街86號,25.11511,121.528,C
全家華林店,台北市南港區園區街3號,25.09496,121.525,C
全家新陽明店,台北市南港區福德街373巷63號,25.09453,121.5232,C
全家士商店,台北市南港區興南街39號,25.09174,121.5179,C
全家磺溪店,台北市南港區興華路86號,25.11824,121.526,C
全家新磺溪店,台北市南港區舊莊街一段147號,25.1184,121.5258,C
全家天成店,台北市南港區舊莊街一段3巷16號,25.11791,121.5327,C
全家天山店,台北市南港區舊莊街一段3巷3弄2號,25.11976,121.5334,C
全家天和店,台北市文山區木柵路一段91號,25.11828,121.5355,C
全家大北店,台北市文山區木柵路二段109巷25弄2號,25.09232,121.5261,C
全家華崗店,台北市文山區木柵路二段52號,25.13728,121.542,C
全家至善店,台北市文山區木柵路三段148號,25.10046,121.5511,C
全家中影店,台北市文山區木柵路三段53號,25.09689,121.5441,C
全家和豐店,台北市文山區木新路三段335號,25.0828,121.5193,C
全家葫蘆店,台北市文山區木新路三段93號,25.08556,121.5095,C
全家新天和店,台北市文山區仙岩路2號,25.11565,121.5332,C
全家蘭雅店,台北市文山區汀州路四段77號,25.11086,121.5299,C
全家永新店,台北市文山區光輝路7號,25.08767,121.508,C
全家社中店,台北市文山區辛亥路四段101巷1號,25.09228,121.5035,C
全家福港店,台北市文山區忠順街二段16號,25.0852,121.5178,C
全家大港店,台北市文山區指南路二段83號,25.08487,121.5215,C
全家天文店,台北市文山區軍功路109號,25.09706,121.5195,C
全家新葫東店,台北市文山區景中街5號,25.08456,121.512,C
全家葫東店,台北市文山區景文街83號,25.08465,121.512,C
全家格致店,台北市文山區景華街3巷2號,25.13673,121.5465,C
全家通河店,台北市文山區景華街75號,25.08104,121.5207,C
全家新文大店,台北市文山區景福街25號,25.13772,121.541,C
全家美崙店,台北市文山區萬安街17號,25.09711,121.5232,C
全家福林店,台北市文山區福興路65號,25.09521,121.526,C
全家百齡店,台北市文山區興隆路一段249號,25.08716,121.5178,C
全家後港店,台北市文山區興隆路一段55巷27弄1-4號,25.09075,121.5182,C
全家德行店,台北市文山區興隆路二段220巷33號,25.1079,121.5282,C
全家德忠店,台北市文山區興隆路二段279號,25.11008,121.5285,C
全家芝蘭店,台北市文山區興隆路三段207巷11弄2號,25.11022,121.5375,C
全家東大店,台北市文山區興隆路四段50-1號,25.09442,121.5457,C
全家崇合店,台北市文山區羅斯福路五段218巷38弄2號,25.12552,121.5011,C
全家大同店,台北市文山區羅斯福路六段274號,25.13213,121.4973,C
全家大業店,台北市中正區八德路一段34號1樓,25.12989,121.4984,C
全家文化店,台北市中正區八德路一段82巷7號,25.13684,121.4952,C
全家復興崗店,台北市中正區中山南路7號B1,25.13837,121.4867,C
全家復中店,台北市中正區中山南路8號B1,25.14118,121.4997,C
全家新和店,台北市中正區中華路二段33號,25.14512,121.4952,C
全家新奇岩店,台北市中正區市民大道三段8號,25.12624,121.508,C
全家奇岩店,台北市中正區延平南路210號,25.12553,121.5082,C
全家永興店,台北市中正區忠孝西路1段171號,25.13886,121.4994,C
全家明德店,台北市中正區忠孝西路一段173號,25.10908,121.5189,C
全家榮光店,台北市中正區忠孝西路一段49號B1,25.11246,121.5152,C
全家北榮店,台北市中正區忠孝西路一段50號一樓,25.11921,121.5204,C
全家陽大店,台北市中正區泉州街31,25.11963,121.5133,C
全家北投店,台北市中正區牯嶺街117號一樓,25.13622,121.5042,C
全家光明店,台北市中正區常德街1號,25.13265,121.4992,C
全家立農店,台北市中正區常德街1號B1,25.11851,121.5066,C
全家自強店,台北市中正區紹興南街4之12號,25.11062,121.5149,C
全家行義店,台北市中正區博愛路131號B1,25.12538,121.5269,C
全家東陽店,台北市中正區衡陽路103號,25.11201,121.5167,C
全家唭哩店,台北市中正區館前路36號一樓,25.12037,121.5075,C
全家立賢店,台北市中正區館前路45號,25.11645,121.5052,C
全家和聯店,台北市中正區寶慶路35號,25.12027,121.5013,C
全家東華店,台北市大同區市民大道一段209號,25.11776,121.5136,C
全家新知行店,台北市大同區西寧北路35號,25.12047,121.467,C
全家振華店,台北市大同區延平北路3段40號,25.11565,121.52,C
全家清江店,台北市大同區延平北路二段114號,25.13175,121.5014,C
全家尊賢店,台北市大同區延平北路二段255-1號,25.11732,121.5071,C
全家中永店,台北市大同區承德路3段290號,25.13998,121.5009,C
全家新實店,台北市大同區昌吉街63號,25.11536,121.5096,C
全家湖安店,台北市大同區南京西路30號,25.08297,121.567,C
全家碧湖店,台北市大同區南京西路63號,25.08097,121.5734,C
全家麗山店,台北市大同區南京西路64巷9弄2號,25.08039,121.5791,C
全家湖濱店,台北市大同區哈密街59巷21號,25.08394,121.5809,C
全家文湖店,台北市大同區迪化街一段50號,25.08681,121.5627,C
全家紫陽店,台北市大同區迪化街一段50號,25.07824,121.584,C
全家德陽店,台北市大同區重慶北路一段24號,25.0768,121.5799,C
全家瑞陽店,台北市大同區重慶北路一段63號,25.07722,121.5827,C
全家內華店,台北市大同區酒泉街15號,25.06846,121.5917,C
全家三民店,台北市大同區歸綏街183號,25.06872,121.5861,C
全家金莊店,台北市中山區中山北路二段137巷2號,25.06283,121.5872,C
全家東安店,台北市中山區中山北路二段65巷13號,25.06785,121.6159,C
全家新三總店,台北市中山區中山北路三段40號,25.07176,121.5926,C
全家新三總店,台北市中山區中原街77號,25.07176,121.5926,C
全家新內湖店,台北市中山區天祥路70號,25.07123,121.5897,C
全家行善店,台北市中山區民生西路2號,25.06168,121.5842,C
全家新東湖店,台北市中山區民生西路3巷2號,25.06917,121.6142,C
全家金瑞店,台北市中山區民生西路62號,25.0883,121.5867,C
全家星湖店,台北市中山區民權東路3段7號,25.08191,121.5959,C
全家護校店,台北市中山區明水路397巷7弄32號,25.07517,121.6099,C
全家康福店,台北市中山區林森北路101號,25.06966,121.6189,C
全家精英店,台北市中山區松江路186之1號,25.07842,121.5669,C
全家新瑞店,台北市中山區松江路27號,25.08106,121.5634,C
全家瑞湖店,台北市中山區松江路50號,25.08008,121.5702,C
全家港墘店,台北市中山區長安東路二段118號,25.08204,121.578,C
全家興盛店,台北市中山區長安東路二段171-7號,25.05743,121.5854,C
全家新湖店,台北市中山區長春路208號,25.06488,121.5826,C
全家瑞光店,台北市中山區農安街160號,25.07948,121.5677,C
全家新德明店,台北市中山區德惠街109號,25.08654,121.568,C
全家德明店,台北市中山區德惠街167巷2號,25.08619,121.567,C
全家環山店,台北市中山區錦州街32號,25.08281,121.5657,C
全家湖山店,台北市松山區八德路3段119號,25.08219,121.5735,C
全家工業店,台北市松山區八德路三段12巷51弄2號,25.05676,121.6134,C
全家工業一店,台北市松山區民權東路五段32號,25.05715,121.6137,C
全家工業三店,台北市松山區光復北路102號,25.05721,121.6143,C
全家北鑫店,台北市松山區南京東路5段250巷3-1號,25.04349,121.5829,C
全家新成鑫店,台北市松山區南京東路5段61號及63號,25.04435,121.5843,C
全家新昆陽店,台北市松山區南京東路五段34號,25.05018,121.5943,C
全家港成店,台北市松山區健康路325巷12弄2號,25.05454,121.593,C
全家研究院店,台北市松山區寧安街12號,25.04587,121.615,C
全家華科大店,台北市松山區寧安街12號,25.0336,121.6099,C
全家向陽店,台北市松山區撫遠街369巷36號,25.05516,121.596,C
全家重陽店,台北市松山區饒河街35號,25.05673,121.5989,C
全家富康店,台北市大安區仁愛路4段112巷7號,25.05195,121.617,C
全家工業二店,台北市大安區仁愛路4段300巷15號,25.05849,121.6119,C
全家港福店,台北市大安區光復南路290巷25號,25.03948,121.5922,C
全家中視店,台北市大安區光復南路98號之3之5,25.05621,121.6016,C
全家興華店,台北市大安區安居街15號1樓,25.05593,121.6056,C
全家莊研店,台北市大安區安東街50之24號,25.03991,121.6205,C
全家胡適店,台北市大安區和平東路1段129號,25.04236,121.6183,C
全家國興店,台北市大安區和平東路1段162號,25.04307,121.6189,C
全家試院店,台北市大安區延吉街130號,24.98715,121.5474,C
全家明興店,台北市大安區延吉街131巷43號,24.99003,121.563,C
全家木興店,台北市大安區忠孝東路4段181巷8號,24.98865,121.5588,C
全家木柵路店,台北市大安區忠孝東路三段287號,24.9888,121.5686,C
全家木康店,台北市大安區杭州南路二段5號,24.98865,121.5663,C
全家木新店,台北市大安區信義路四段186巷8號,24.98043,121.5562,C
全家欣榮店,台北市大安區信義路四段186巷8號,24.98212,121.563,C
全家仙岩店,台北市大安區建國南路一段337號,24.99824,121.5479,C
全家師美店,台北市大安區復興南路2段148號1樓,25.008,121.5375,C
全家順輝店,台北市大安區復興南路一段135巷21號,24.98643,121.5551,C
全家興昌店,台北市大安區復興南路一段265號,25.00662,121.559,C
全家鑫順店,台北市大安區臨江街40巷2號,24.98458,121.5627,C
全家興政店,台北市大安區羅斯福路二段75之1號,24.98787,121.5752,C
全家名門店,台北市萬華區民和街9號,25.00638,121.5691,C
全家景中店,台北市萬華區成都路29號,24.99303,121.5418,C
全家景文店,台北市萬華區西園路二段134號,24.99114,121.5414,C
全家新文華店,台北市萬華區長沙街二段50號,24.9952,121.5417,C
全家華德店,台北市萬華區梧州街29號,24.99533,121.5455,C
全家景富店,台北市萬華區梧州街55號,24.99907,121.5382,C
全家萬安店,台北市萬華區廣州街247號,25.00125,121.5706,C
全家新福興店,台北市萬華區雙園街69號,25.00364,121.5499,C
全家景興店,台北市信義區中坡北路17號,24.99959,121.5441,C
全家萬興店,台北市信義區永吉路125號一樓,25.00421,121.5413,C
全家興園店,台北市信義區永吉路280號,25.00042,121.5523,C
全家興業店,台北市信義區忠孝東路5段63號,25.00169,121.5527,C
全家再興店,台北市信義區忠孝東路5段63號,24.99496,121.5616,C
全家興崙店,台北市信義區林口街36號,24.98652,121.5608,C
全家萬和店,台北市信義區松山路11號,25.00217,121.5369,C
全家景和店,台北市信義區松山路537號,24.99146,121.5399,C
萊爾富北市正宏店,台北市信義區松壽路6號,25.0436,121.5303,C
萊爾富北市正德店,台北市信義區松壽路6號,25.04366,121.5318,C
萊爾富北市正醫店,台北市信義區松壽路6號,25.04027,121.5192,C
萊爾富北市正童店,台北市信義區虎林街164巷60弄2號一樓,25.04423,121.5188,C
萊爾富北市和醫店,台北市信義區信義路5段20號,25.03553,121.5067,C
萊爾富北市正光店,台北市信義區莊敬路290號一樓,25.04504,121.5319,C
萊爾富北市和平店,台北市信義區福德街266號,25.03479,121.5075,C
萊爾富北市國光店,台北市士林區大東路7號,25.04724,121.5143,C
萊爾富北市正前店,台北市士林區中山北路5段250號,25.04719,121.5143,C
萊爾富北市正裕店,台北市士林區中山北路七段186號,25.04608,121.5186,C
萊爾富北市正裕店,台北市士林區中山北路六段431之4號1樓,25.04556,121.516,C
萊爾富北市正泉店,台北市士林區延平北路9段212號,25.02946,121.5143,C
萊爾富北市正喜店,台北市士林區延平北路五段138號,25.02518,121.5192,C
萊爾富北市正台店,台北市士林區社子街63巷2號,25.04162,121.5172,C
萊爾富北市台大店,台北市士林區社正路27號,25.04162,121.5172,C
萊爾富北市正東店,台北市士林區社正路75號,25.0434,121.5247,C
萊爾富北市司法店,台北市士林區雨聲街105號,25.03677,121.5116,C
萊爾富北市正慶店,台北市士林區劍潭路62號,25.04232,121.5092,C
萊爾富北市正鑽店,台北市北投區中央北路4段8號,25.04448,121.5149,C
萊爾富北市正館店,台北市北投區中央北路二段70號,25.0451,121.5151,C
萊爾富北市正寶店,台北市北投區中央北路三段４４號,25.04155,121.5103,C
萊爾富北市京站店,台北市北投區中央南路二段5號及7號,25.04912,121.5185,C
萊爾富北市同京店,台北市北投區中和街402號,25.05353,121.5088,C
萊爾富北市延年店,台北市北投區中和街41號,25.06461,121.5111,C
萊爾富北市同達店,台北市北投區北投路2段55號,25.05709,121.5114,C
萊爾富北市延平店,台北市北投區石牌路二段201號,25.06262,121.5114,C
萊爾富北市同德店,台北市北投區石牌路二段201號,25.07399,121.5194,C
萊爾富北市同吉店,台北市北投區立德路60號及立功街135號,25.06601,121.5147,C
萊爾富北市同蝶店,台北市北投區行義路142-1號B1,25.0526,121.5199,C
萊爾富北市衣蝶店,台北市北投區知行路314號,25.05316,121.519,C
萊爾富北市雙蝶店,台北市北投區泉源路221號,25.05238,121.5188,C
萊爾富北市同密店,台北市北投區清江路53及55號,25.07475,121.5158,C
萊爾富北市迪化店,台北市北投區義理街96號及立農街2段292號,25.05511,121.5099,C
萊爾富北市迪化店,台北市北投區裕民六路120號,25.05511,121.5099,C
萊爾富北市同慶店,台北市北投區學園路2號,25.05067,121.5135,C
萊爾富北市同安店,台北市北投區懷德街5號,25.05172,121.5141,C
萊爾富北市圓捷店,台北市內湖區大湖山莊街179號1樓,25.07077,121.5196,C
萊爾富北市甘州店,台北市內湖區內湖路一段120巷16號一樓,25.05829,121.5128,C
萊爾富北市中山店,台北市內湖區文湖街21巷16號,25.06165,121.5237,C
萊爾富北市中山三店,台北市內湖區民權東路6段117號一樓,25.05714,121.524,C
萊爾富北市大同店,台北市內湖區民權東路6段296巷68號,25.06715,121.5218,C
萊爾富北市中原二店,台北市內湖區民權東路六段58號,25.05902,121.529,C
萊爾富北市山擎店,台北市內湖區民權東路六段69號,25.0624,121.5208,C
萊爾富北市民生店,台北市內湖區安泰街26號一樓,25.05776,121.5224,C
萊爾富北市馬偕店,台北市內湖區安康路142號,25.05813,121.5217,C
萊爾富北市雙連店,台北市內湖區成功路二段318之1號,25.05756,121.5209,C
萊爾富北市榮輝店,台北市內湖區成功路五段420巷7號,25.06256,121.5412,C
萊爾富北市明水店,台北市內湖區江南街111號,25.07788,121.5497,C
萊爾富北市林森店,台北市內湖區行善路33及31號,25.05018,121.525,C
萊爾富北市慶泰店,台北市內湖區行愛路141巷39號地下一樓,25.05673,121.5327,C
萊爾富北市永捷店,台北市內湖區東湖路121號,25.04734,121.5332,C
萊爾富北市長松店,台北市內湖區金湖路403號,25.04822,121.5327,C
萊爾富北市山榮店,台北市內湖區基湖路35巷11號一樓,25.04831,121.5362,C
萊爾富北市山寧店,台北市內湖區康寧路3段155號,25.04841,121.5418,C
萊爾富北市山華店,台北市內湖區康樂街92號,25.05467,121.5374,C
萊爾富北市農安店,台北市內湖區陽光街298號一樓,25.06465,121.534,C
萊爾富北市山德店,台北市內湖區陽光街347號,25.0667,121.5296,C
萊爾富北市新喜店,台北市內湖區新湖二路160號一樓,25.06663,121.5317,C
萊爾富北市台泥店,台北市內湖區瑞光路188巷60號,25.06026,121.5249,C
萊爾富北市松育店,台北市內湖區瑞光路５０２號１樓之１,25.04829,121.5541,C
萊爾富北市敦化店,台北市內湖區瑞光路513巷36號一樓,25.04613,121.5508,C
萊爾富北市民權二店,台北市內湖區瑞光路66巷33號,25.06284,121.5644,C
萊爾富北市松柏店,台北市內湖區舊宗路一段188號,25.05068,121.5577,C
萊爾富北市松清店,台北市南港區中坡北路50巷1號,25.05068,121.566,C
萊爾富北市寶德店,台北市南港區玉成街27號,25.05126,121.5592,C
萊爾富北市松華店,台北市南港區玉成街52巷2弄3號1樓,25.05126,121.5592,C
萊爾富北市松康店,台北市南港區同德路87號,25.05545,121.5674,C
萊爾富北市家聲店,台北市南港區忠孝東路七段639號,25.0497,121.5544,C
萊爾富北市家聲店,台北市南港區忠孝東路六段252號,25.0497,121.5544,C
萊爾富北市松遠店,台北市南港區昆陽街99號,25.06428,121.5659,C
萊爾富北市饒河店,台北市南港區南港路一段313號地下二樓商場,25.05024,121.5729,C
萊爾富北市安敦店,台北市南港區南港路二段2號,25.0369,121.5497,C
萊爾富北市安平店,台北市南港區南港路三段8一樓,25.03671,121.5545,C
萊爾富北市安國店,台北市南港區研究院路二段110號一樓,25.03932,121.5564,C
萊爾富北市安聯店,台北市南港區經貿二路1號,25.04409,121.5575,C
萊爾富北市安弘店,台北市南港區經貿二路1號,25.02093,121.5551,C
萊爾富北市安震店,台北市南港區舊莊街一段212巷2號一樓,25.0431,121.5424,C
萊爾富北市安盈店,台北市文山區木柵路一段8號,25.02676,121.5297,C
萊爾富北市師範店,台北市文山區木新路二段163號,25.02595,121.5275,C
萊爾富北市延吉二店,台北市文山區木新路三段232巷6弄18號,25.04013,121.5547,C
萊爾富北市安華店,台北市文山區汀州路四段88號,25.04295,121.5558,C
萊爾富北市安皓店,台北市文山區辛亥路四段218號及220號,25.04207,121.5507,C
萊爾富北市安孝店,台北市文山區指南路二段32號,25.04187,121.543,C
萊爾富北市杭州店,台北市文山區指南路二段64號,25.03457,121.524,C
萊爾富北市東方二店,台北市文山區指南路段38巷35號,25.03226,121.5514,C
萊爾富北市東方二店,台北市文山區景福街230巷2號,25.03226,121.5514,C
萊爾富北市安建店,台北市文山區新光路二段３０號,25.03454,121.5382,C
萊爾富北市安傑店,台北市文山區試院路104號,25.02836,121.5432,C
萊爾富北市安復店,台北市文山區興隆路2段203巷16號,25.04266,121.5452,C
萊爾富北市安豐店,台北市文山區興隆路3段58號,25.03593,121.544,C
萊爾富北市臨江店,台北市文山區羅斯福路五段203號,25.02958,121.5561,C
萊爾富北市羅斯福店,,25.02646,121.5232,C
萊爾富北市萬和店,,25.02626,121.4999,C
萊爾富北市萬都店,,25.04267,121.5068,C
萊爾富北市萬鑫店,,25.0304,121.4963,C
萊爾富北市萬寧店,,25.04059,121.506,C
萊爾富北市梧州店,,25.03747,121.4977,C
萊爾富北市鑫梧店,,25.03602,121.4977,C
萊爾富北市班客店,,25.03687,121.4974,C
萊爾富北市艋舺店,,25.03025,121.494,C
萊爾富北市信北店,,25.04477,121.5811,C
萊爾富北市信吉店,,25.04589,121.5702,C
萊爾富北市松永店,,25.04537,121.5743,C
萊爾富北市信東店,,25.04124,121.5667,C
萊爾富北市信東店,,25.04124,121.5667,C
萊爾富北市林口店,,25.0378,121.5795,C
萊爾富北市松站店,,25.04919,121.5783,C
萊爾富北市信誠店,,25.03789,121.5783,C
萊爾富北市國貿店,,25.03549,121.5645,C
萊爾富北市國貿店,,25.03549,121.5645,C
萊爾富北市國貿店,,25.03549,121.5645,C
萊爾富北市信德店,,25.03799,121.5745,C
萊爾富北市店,,25.03293,121.5637,C
萊爾富北市信長店,,25.02852,121.563,C
萊爾富北市福德店,,25.03888,121.5859,C
萊爾富北市士大店,,25.08662,121.5254,C
萊爾富北市銘傳店,,25.08607,121.5276,C
萊爾富北市士銓店,,25.12471,121.5331,C
萊爾富北市天福店,,25.1143,121.5271,C
萊爾富北市士海店,,25.10812,121.4712,C
萊爾富北市延平二店,,25.08225,121.5105,C
萊爾富北市社子店,,25.08759,121.5069,C
萊爾富北市社正店,,25.08874,121.5092,C
萊爾富北市士慶店,,25.08902,121.5108,C
萊爾富北市士陽店,,25.10533,121.5318,C
萊爾富北市承德店,,25.08339,121.5213,C
萊爾富北市北天店,,25.13554,121.4788,C
萊爾富北市政戰店,,25.13951,121.4916,C
萊爾富北市北崗店,,25.13831,121.4855,C
萊爾富北市奇岩店,,25.12592,121.5005,C
萊爾富北市北和店,,25.14357,121.4982,C
萊爾富北市大業店,,25.13807,121.5026,C
萊爾富北市十信店,,25.13339,121.4969,C
萊爾富北市北華店,,25.11921,121.5204,C
萊爾富北市北華店,,25.11921,121.5204,C
萊爾富北市北功店,,25.12556,121.4718,C
萊爾富北市溫泉店,,25.12992,121.5282,C
萊爾富北市關渡店,,25.12251,121.4672,C
萊爾富北市惇敘店,,25.14485,121.527,C
萊爾富北市北清店,,25.13073,121.502,C
萊爾富北市立農店,,25.11857,121.5164,C
萊爾富北市北裕店,,25.11454,121.5176,C
萊爾富北市北武店,,25.13362,121.4689,C
萊爾富北市懷德店,,25.11137,121.5192,C
萊爾富北市湖月店,,25.0882,121.6012,C
萊爾富北市米蘭店,,25.08263,121.5626,C
萊爾富北市德湖店,,25.08664,121.5607,C
萊爾富北市宏普店,,25.06911,121.5922,C
萊爾富北市明湖店,,25.07022,121.6089,C
萊爾富北市權湖店,,25.06862,121.5847,C
萊爾富北市權湖店,,25.06939,121.5877,C
萊爾富北市湖泰店,,25.07342,121.6185,C
萊爾富北市康湖店,,25.06283,121.6001,C
萊爾富北市內湖二店,,25.0675,121.5905,C
萊爾富北市成康店,,25.07544,121.6078,C
萊爾富北市亞緹店,,25.07648,121.5764,C
萊爾富北市麥帥店,,25.0566,121.576,C
萊爾富北市蘋果店,,25.06479,121.5813,C
萊爾富北市興湖店,,25.06826,121.6165,C
萊爾富北市金湖店,,25.07336,121.6042,C
萊爾富北市鑫湖店,,25.07983,121.5651,C
萊爾富北市康寧店,,25.07046,121.6116,C
萊爾富北市康樂二店,,25.07063,121.619,C
萊爾富北市湖玉店,,25.07273,121.5751,C
萊爾富北市陽光店,,25.0731,121.5777,C
萊爾富北市湖宗店,,25.06311,121.5797,C
萊爾富北市湖光店,,25.07362,121.5762,C
萊爾富北市湖鑽店,,25.07928,121.5681,C
萊爾富北市新瑞店,,25.08024,121.57,C
萊爾富北市湖森店,,25.06978,121.5813,C
萊爾富北市湖潤店,,25.0629,121.5759,C
萊爾富北市港北店,,25.04658,121.5809,C
萊爾富北市港成店,,25.05051,121.5819,C
萊爾富北市港華店,,25.04782,121.5815,C
萊爾富北市港醫店,,25.04653,121.5861,C
萊爾富北市南港二店,,25.05339,121.6161,C
萊爾富北市南港三店,,25.04884,121.5883,C
萊爾富北市昆陽店,,25.05149,121.5938,C
萊爾富北市港鑫店,,25.05345,121.6072,C
萊爾富北市港東店,,25.05438,121.6061,C
萊爾富北市港東店,,25.05449,121.5929,C
萊爾富北市港宏店,,25.04266,121.6166,C
萊爾富北市港捷店,,25.05609,121.6176,C
萊爾富北市港捷店,,25.05609,121.6176,C
萊爾富北市港南店,,25.03828,121.6224,C
萊爾富北市世新店,,24.98662,121.5462,C
萊爾富北市木新三店,,24.98383,121.5688,C
萊爾富北市木新二店,,24.98194,121.5597,C
萊爾富北市師鑽店,,25.00806,121.5366,C
萊爾富北市文辛店,,25.0024,121.5554,C
萊爾富北市指南店,,24.98777,121.5747,C
萊爾富北市指南店,,24.98733,121.5761,C
萊爾富北市貓空店,,24.96891,121.5883,C
萊爾富北市文福店,,24.9937,121.539,C
萊爾富北市浣熊店,,24.99835,121.581,C
萊爾富北市試院店,,24.99005,121.5476,C
萊爾富北市興隆店,,25.00213,121.5487,C
萊爾富北市萬興店,,24.99995,121.5561,C
萊爾富北市文武店,,25.00239,121.5391,C